app,route,screen_id,state,role,runtime_fixture,viewport,region,file,sha256,visible_assertion,route_assertion,problems,status
NEW,/admin/customers,admin-customers-lifecycle,empty-or-populated,operator-dev,single-plane-dev-isolated-synthetic,desktop,full,docs/worklog/screenshots/ui-ux-audit-v1/new/admin-customers-lifecycle__empty-or-populated__desktop__full.png,dd9fb6a7b15fa84437f9799843775a222fcdcab2d089832bd754e2f42f328982,admin-customers-lifecycle,/admin/customers,,captured
NEW,/admin,admin-home,populated,operator-dev,single-plane-dev-isolated-synthetic,desktop,bottom,docs/worklog/screenshots/ui-ux-audit-v1/new/admin-home__populated__desktop__bottom.png,9b06566d5b59ae89e05935052741684f15435aa53409197c6117e645ad814334,admin-home,/admin,,captured
NEW,/admin,admin-home,populated,operator-dev,single-plane-dev-isolated-synthetic,desktop,full,docs/worklog/screenshots/ui-ux-audit-v1/new/admin-home__populated__desktop__full.png,e5984b7c0ab7871c863cc67e75c992b6aad9167628a948ff07bdced146153233,admin-home,/admin,,captured
NEW,/admin,admin-home,populated,operator-dev,single-plane-dev-isolated-synthetic,desktop,mid,docs/worklog/screenshots/ui-ux-audit-v1/new/admin-home__populated__desktop__mid.png,a4aa2455a07a4aed754bb5c5b6ed4d76cb430277b9811c94697e2f1972752264,admin-home,/admin,,captured
NEW,/admin,admin-home,populated,operator-dev,single-plane-dev-isolated-synthetic,desktop,top,docs/worklog/screenshots/ui-ux-audit-v1/new/admin-home__populated__desktop__top.png,f2157f6940de312768084220d57c59c89a6b8cd2ad79b7f07c6dba03384cf9e8,admin-home,/admin,,captured
NEW,/admin,admin-home,populated,operator-dev,single-plane-dev-isolated-synthetic,narrow,bottom,docs/worklog/screenshots/ui-ux-audit-v1/new/admin-home__populated__narrow__bottom.png,6fe045d0b433184a4f27f12bae76386641b03ac5280b45c8b0c819581590d19d,admin-home,/admin,,captured
NEW,/admin,admin-home,populated,operator-dev,single-plane-dev-isolated-synthetic,narrow,full,docs/worklog/screenshots/ui-ux-audit-v1/new/admin-home__populated__narrow__full.png,51420e594fc9cd6a07569acdc3566a560efd04edb8e2bc96f4819dbd1733846a,admin-home,/admin,,captured
NEW,/admin,admin-home,populated,operator-dev,single-plane-dev-isolated-synthetic,narrow,mid,docs/worklog/screenshots/ui-ux-audit-v1/new/admin-home__populated__narrow__mid.png,b69c8d03dd1b7a52957519a5069efc8ff10cdbd04a8d50b0abcd7a5cff78801d,admin-home,/admin,,captured
NEW,/admin,admin-home,populated,operator-dev,single-plane-dev-isolated-synthetic,narrow,top,docs/worklog/screenshots/ui-ux-audit-v1/new/admin-home__populated__narrow__top.png,44505c0d23a7262cc496938238a9d8431e35732d7bc91d61d454f8b489606836,admin-home,/admin,,captured
NEW,/admin,admin-home,populated,operator-dev,single-plane-dev-isolated-synthetic,tablet,bottom,docs/worklog/screenshots/ui-ux-audit-v1/new/admin-home__populated__tablet__bottom.png,341a6de0d6c8aca6ec5b8e9afe74a2aaf391fe5497bca4044bd8834b6ffd7978,admin-home,/admin,,captured
NEW,/admin,admin-home,populated,operator-dev,single-plane-dev-isolated-synthetic,tablet,full,docs/worklog/screenshots/ui-ux-audit-v1/new/admin-home__populated__tablet__full.png,000b8e1a3c67c0aea2d5d106c978efc887ce9a9307184ab1f9440be7cdd66932,admin-home,/admin,,captured
NEW,/admin,admin-home,populated,operator-dev,single-plane-dev-isolated-synthetic,tablet,mid,docs/worklog/screenshots/ui-ux-audit-v1/new/admin-home__populated__tablet__mid.png,3eadd3b9e7241f0d5340b3c12163ba7b514f35e0f47b8ab86ad9ae4cc0e2fa85,admin-home,/admin,,captured
NEW,/admin,admin-home,populated,operator-dev,single-plane-dev-isolated-synthetic,tablet,top,docs/worklog/screenshots/ui-ux-audit-v1/new/admin-home__populated__tablet__top.png,8660ce35effc45054977ea6883e47dc37d2b1ce4097788fa12526645a17cb3d1,admin-home,/admin,,captured
NEW,/admin/people,admin-people-list,synthetic-populated,operator-dev,single-plane-dev-isolated-synthetic,desktop,full,docs/worklog/screenshots/ui-ux-audit-v1/new/admin-people-list__synthetic-populated__desktop__full.png,48b6b5f928ffaaa326f45657329931780db0f317a817b5a82d5dfe587d626ed1,Oameni + Operator Eligible + Operator Ineligible,/admin/people,,captured
NEW,/admin/people,admin-people-list,synthetic-populated,operator-dev,single-plane-dev-isolated-synthetic,narrow,bottom,docs/worklog/screenshots/ui-ux-audit-v1/new/admin-people-list__synthetic-populated__narrow__bottom.png,bb493e11449a678ba9d0a95b5908fec1454d2f54de6c8891ace48fe3fae95ae6,Oameni + Operator Eligible + Operator Ineligible,/admin/people,,captured
NEW,/admin/people,admin-people-list,synthetic-populated,operator-dev,single-plane-dev-isolated-synthetic,narrow,full,docs/worklog/screenshots/ui-ux-audit-v1/new/admin-people-list__synthetic-populated__narrow__full.png,3acb6971f0a689f85f22b68965f343293ec4bf96c6ae93487adfd0f36f4756c7,Oameni + Operator Eligible + Operator Ineligible,/admin/people,,captured
NEW,/admin/people,admin-people-list,synthetic-populated,operator-dev,single-plane-dev-isolated-synthetic,narrow,mid,docs/worklog/screenshots/ui-ux-audit-v1/new/admin-people-list__synthetic-populated__narrow__mid.png,e3683b5eccc052b3f13db2b476572b45bb03da4a1a66ae39bdf5201b9ab1434e,Oameni + Operator Eligible + Operator Ineligible,/admin/people,,captured
NEW,/admin/people,admin-people-list,synthetic-populated,operator-dev,single-plane-dev-isolated-synthetic,narrow,top,docs/worklog/screenshots/ui-ux-audit-v1/new/admin-people-list__synthetic-populated__narrow__top.png,349dd7e09e93f319822801c56142264d0c01d6d51577d4e9b0e95faf25f22a4e,Oameni + Operator Eligible + Operator Ineligible,/admin/people,,captured
NEW,/admin/people/:personId,admin-person-detail,synthetic-populated,operator-dev,single-plane-dev-isolated-synthetic,desktop,bottom,docs/worklog/screenshots/ui-ux-audit-v1/new/admin-person-detail__synthetic-populated__desktop__bottom.png,dc1a2a041dfb92e3369ef26fd68b75f1f0dfacbbaa87a9f543ec704a932160d1,Identitate + Operator Eligible name field,/admin/people/:personId,,captured
NEW,/admin/people/:personId,admin-person-detail,synthetic-populated,operator-dev,single-plane-dev-isolated-synthetic,desktop,full,docs/worklog/screenshots/ui-ux-audit-v1/new/admin-person-detail__synthetic-populated__desktop__full.png,f758190a10a73658bb434c6823943b7c2e2ae7c8360c86ba4a7fabb0a843c054,Identitate + Operator Eligible name field,/admin/people/:personId,,captured
NEW,/admin/people/:personId,admin-person-detail,synthetic-populated,operator-dev,single-plane-dev-isolated-synthetic,desktop,mid,docs/worklog/screenshots/ui-ux-audit-v1/new/admin-person-detail__synthetic-populated__desktop__mid.png,13e8d166d779aa8e9ce2bae5521cb7c635826e7cd6767d29cb0015b26ffeb941,Identitate + Operator Eligible name field,/admin/people/:personId,,captured
NEW,/admin/people/:personId,admin-person-detail,synthetic-populated,operator-dev,single-plane-dev-isolated-synthetic,desktop,top,docs/worklog/screenshots/ui-ux-audit-v1/new/admin-person-detail__synthetic-populated__desktop__top.png,5f615d09b8a243506e400a09cc64973b9d37cec0c9e8dd0b999643672db4b3cf,Identitate + Operator Eligible name field,/admin/people/:personId,,captured
NEW,/admin/processes,admin-processes-catalog,populated,operator-dev,single-plane-dev-isolated-synthetic,desktop,bottom,docs/worklog/screenshots/ui-ux-audit-v1/new/admin-processes-catalog__populated__desktop__bottom.png,f3b657b0d96c97f74e8022e1460143bfa7c0a6f7cdcf04a1e62098eb4f0ae9a1,admin-processes-catalog,/admin/processes,,captured
NEW,/admin/processes,admin-processes-catalog,populated,operator-dev,single-plane-dev-isolated-synthetic,desktop,full,docs/worklog/screenshots/ui-ux-audit-v1/new/admin-processes-catalog__populated__desktop__full.png,7b483f25d58f6ac626fa320f5971b51c554dc16e9c0542bc5993592feba546f3,admin-processes-catalog,/admin/processes,,captured
NEW,/admin/processes,admin-processes-catalog,populated,operator-dev,single-plane-dev-isolated-synthetic,desktop,mid,docs/worklog/screenshots/ui-ux-audit-v1/new/admin-processes-catalog__populated__desktop__mid.png,2a1efbae2df6dd6e786f6529c2ec558486f0196572389d38cc52177d88d95f76,admin-processes-catalog,/admin/processes,,captured
NEW,/admin/processes,admin-processes-catalog,populated,operator-dev,single-plane-dev-isolated-synthetic,desktop,top,docs/worklog/screenshots/ui-ux-audit-v1/new/admin-processes-catalog__populated__desktop__top.png,aa3fab6391795b70ec6a20160d839ca2e843dc687a2ca65aac5782cad8b98f9d,admin-processes-catalog,/admin/processes,,captured
NEW,/admin/processes,admin-processes-catalog-categories,category-walk,operator-dev,single-plane-dev-isolated-synthetic,desktop,bottom,docs/worklog/screenshots/ui-ux-audit-v1/new/admin-processes-catalog-categories__category-walk__desktop__bottom.png,b4cd8b989d91a093bff73bda05d2226139b58b6e5c23ddd93d2ebf41f24e175f,admin-processes-catalog-categories,/admin/processes,,captured
NEW,/admin/processes,admin-processes-catalog-categories,category-walk,operator-dev,single-plane-dev-isolated-synthetic,desktop,full,docs/worklog/screenshots/ui-ux-audit-v1/new/admin-processes-catalog-categories__category-walk__desktop__full.png,aa18659e778abf82d66c4fc5977b494903962a900f2f8729d4d06a3c7fd3ffba,admin-processes-catalog-categories,/admin/processes,,captured
NEW,/admin/processes,admin-processes-catalog-categories,category-walk,operator-dev,single-plane-dev-isolated-synthetic,desktop,mid,docs/worklog/screenshots/ui-ux-audit-v1/new/admin-processes-catalog-categories__category-walk__desktop__mid.png,ceb18034046a1e411fa1168180479c42e4ebd36580e8b3f6926e44be47db8fdc,admin-processes-catalog-categories,/admin/processes,,captured
NEW,/admin/processes,admin-processes-catalog-categories,category-walk,operator-dev,single-plane-dev-isolated-synthetic,desktop,top,docs/worklog/screenshots/ui-ux-audit-v1/new/admin-processes-catalog-categories__category-walk__desktop__top.png,91191a7de058468fbd6bd2893600c82e782e63a0d6bbb5396f35077dc959979c,admin-processes-catalog-categories,/admin/processes,,captured
NEW,/admin/product-system,admin-product-system,populated,operator-dev,single-plane-dev-isolated-synthetic,desktop,bottom,docs/worklog/screenshots/ui-ux-audit-v1/new/admin-product-system__populated__desktop__bottom.png,cc68ab2df6c16e553b0330b7ca3ece3d4d198702366abaa3f09d8a113089cfb7,admin-product-system,/admin/product-system,,captured
NEW,/admin/product-system,admin-product-system,populated,operator-dev,single-plane-dev-isolated-synthetic,desktop,full,docs/worklog/screenshots/ui-ux-audit-v1/new/admin-product-system__populated__desktop__full.png,87d6c9b3daf1ca87188381e1f537774d9fbede687c57f5b9300b8a2ea8ba8958,admin-product-system,/admin/product-system,,captured
NEW,/admin/product-system,admin-product-system,populated,operator-dev,single-plane-dev-isolated-synthetic,desktop,mid,docs/worklog/screenshots/ui-ux-audit-v1/new/admin-product-system__populated__desktop__mid.png,e514d73c44ac78dbbcd6a91e2fce9e0d027119ba73ea23fc55bb84cca815064f,admin-product-system,/admin/product-system,,captured
NEW,/admin/product-system,admin-product-system,populated,operator-dev,single-plane-dev-isolated-synthetic,desktop,top,docs/worklog/screenshots/ui-ux-audit-v1/new/admin-product-system__populated__desktop__top.png,e7b74fdc1ba5fffc21e5b9687b44db6d122526b8f1fa6e3363d85ebef3e4ae98,admin-product-system,/admin/product-system,,captured
NEW,/admin/product-system,admin-product-system-categories,category-walk,operator-dev,single-plane-dev-isolated-synthetic,desktop,bottom,docs/worklog/screenshots/ui-ux-audit-v1/new/admin-product-system-categories__category-walk__desktop__bottom.png,6758eda504e7fb1b3cc696a1bb7fe2f9eb3f5f1a5fcbeda57c9eddd425049117,admin-product-system-categories,/admin/product-system,,captured
NEW,/admin/product-system,admin-product-system-categories,category-walk,operator-dev,single-plane-dev-isolated-synthetic,desktop,full,docs/worklog/screenshots/ui-ux-audit-v1/new/admin-product-system-categories__category-walk__desktop__full.png,d144ed1ff4901e033237f46c787ae33ab3b9bd1cd8eb62310dc36b7eaccc0e52,admin-product-system-categories,/admin/product-system,,captured
NEW,/admin/product-system,admin-product-system-categories,category-walk,operator-dev,single-plane-dev-isolated-synthetic,desktop,mid,docs/worklog/screenshots/ui-ux-audit-v1/new/admin-product-system-categories__category-walk__desktop__mid.png,7e8e12b6f6fc28191383c18805be28faa94969dee3b4dc36859f80c5b6c31c38,admin-product-system-categories,/admin/product-system,,captured
NEW,/admin/product-system,admin-product-system-categories,category-walk,operator-dev,single-plane-dev-isolated-synthetic,desktop,top,docs/worklog/screenshots/ui-ux-audit-v1/new/admin-product-system-categories__category-walk__desktop__top.png,b1553233b5db6c0eeedb16f3049af9b452a8e0846b8fb0a80a3eed57efaf20c8,admin-product-system-categories,/admin/product-system,,captured
NEW,/admin/resources,admin-resources-catalog,populated,operator-dev,single-plane-dev-isolated-synthetic,desktop,full,docs/worklog/screenshots/ui-ux-audit-v1/new/admin-resources-catalog__populated__desktop__full.png,681614d7fe4985e2bc652e2b0be5f71b2183b1cf96c28cd2b8b0da27dda0ab7f,admin-resources-catalog,/admin/resources,,captured
NEW,/admin/resources,admin-resources-catalog-categories,category-walk,operator-dev,single-plane-dev-isolated-synthetic,desktop,bottom,docs/worklog/screenshots/ui-ux-audit-v1/new/admin-resources-catalog-categories__category-walk__desktop__bottom.png,08eea5e101d33b26d72cf83bbb2927afd5461e552a53038e95fc0aa18f002cd4,admin-resources-catalog-categories,/admin/resources,,captured
NEW,/admin/resources,admin-resources-catalog-categories,category-walk,operator-dev,single-plane-dev-isolated-synthetic,desktop,full,docs/worklog/screenshots/ui-ux-audit-v1/new/admin-resources-catalog-categories__category-walk__desktop__full.png,26d328d45f44bc86093b14031cb8db5da1abf4b957d349f2261ba0735c51f5c9,admin-resources-catalog-categories,/admin/resources,,captured
NEW,/admin/resources,admin-resources-catalog-categories,category-walk,operator-dev,single-plane-dev-isolated-synthetic,desktop,mid,docs/worklog/screenshots/ui-ux-audit-v1/new/admin-resources-catalog-categories__category-walk__desktop__mid.png,19a5c4ec54404e815c7cff0c3d9b4b8ec729ccb5094dcf42246a023516893689,admin-resources-catalog-categories,/admin/resources,,captured
NEW,/admin/resources,admin-resources-catalog-categories,category-walk,operator-dev,single-plane-dev-isolated-synthetic,desktop,top,docs/worklog/screenshots/ui-ux-audit-v1/new/admin-resources-catalog-categories__category-walk__desktop__top.png,0ab83de9318b26f01dd8d4d3419b26462115511a86811fea71f3e274e5246c56,admin-resources-catalog-categories,/admin/resources,,captured
NEW,/admin/resources,admin-resources-catalog-categories,category-walk-narrow,operator-dev,single-plane-dev-isolated-synthetic,narrow,bottom,docs/worklog/screenshots/ui-ux-audit-v1/new/admin-resources-catalog-categories__category-walk-narrow__narrow__bottom.png,20fc45fdeb79c9857d889595d64b636995b773fa3317445fe614c048a6f939f2,admin-resources-catalog-categories,/admin/resources,,captured
NEW,/admin/resources,admin-resources-catalog-categories,category-walk-narrow,operator-dev,single-plane-dev-isolated-synthetic,narrow,full,docs/worklog/screenshots/ui-ux-audit-v1/new/admin-resources-catalog-categories__category-walk-narrow__narrow__full.png,4c2253552219955c972624ed5c6115bdfbb88833c5eb721ebcc4206ef917f0ee,admin-resources-catalog-categories,/admin/resources,,captured
NEW,/admin/resources,admin-resources-catalog-categories,category-walk-narrow,operator-dev,single-plane-dev-isolated-synthetic,narrow,mid,docs/worklog/screenshots/ui-ux-audit-v1/new/admin-resources-catalog-categories__category-walk-narrow__narrow__mid.png,c3c2dfae492137a2719709b40cbc2cf45175e2425250aba883c687bcfdcd8c1f,admin-resources-catalog-categories,/admin/resources,,captured
NEW,/admin/resources,admin-resources-catalog-categories,category-walk-narrow,operator-dev,single-plane-dev-isolated-synthetic,narrow,top,docs/worklog/screenshots/ui-ux-audit-v1/new/admin-resources-catalog-categories__category-walk-narrow__narrow__top.png,9abae61cfc117d7b08de70e68f69c4c34b80468c01793a9c46835356a50d14db,admin-resources-catalog-categories,/admin/resources,,captured
NEW,/admin/seller,admin-seller,synthetic-legal-name-only,operator-dev,single-plane-dev-isolated-synthetic,desktop,full,docs/worklog/screenshots/ui-ux-audit-v1/new/admin-seller__synthetic-legal-name-only__desktop__full.png,0816e009c44c5797fa6e119ce4bcd59ee6800b378881a0d37b1f7f435148d84a,Date firma + Audit Synthetic SRL; CIF IBAN address empty,/admin/seller,,captured
NEW,/admin/people/skills,admin-skills,synthetic-populated,operator-dev,single-plane-dev-isolated-synthetic,desktop,bottom,docs/worklog/screenshots/ui-ux-audit-v1/new/admin-skills__synthetic-populated__desktop__bottom.png,945e0636dba91f639d78a59207924d419ff92e86c382ab3977ac452ab348c38f,Skill-uri heading + Operator Eligible eligibility,/admin/people/skills,,captured
NEW,/admin/people/skills,admin-skills,synthetic-populated,operator-dev,single-plane-dev-isolated-synthetic,desktop,full,docs/worklog/screenshots/ui-ux-audit-v1/new/admin-skills__synthetic-populated__desktop__full.png,536ef8ebf5cdc805da76563386d65b6a8d2f7fc80bb3053eff9a5d4e716e5162,Skill-uri heading + Operator Eligible eligibility,/admin/people/skills,,captured
NEW,/admin/people/skills,admin-skills,synthetic-populated,operator-dev,single-plane-dev-isolated-synthetic,desktop,mid,docs/worklog/screenshots/ui-ux-audit-v1/new/admin-skills__synthetic-populated__desktop__mid.png,2989781788b21fabee3387aeb70829d8ea3f765b70fc64a0a27ea91b727e1436,Skill-uri heading + Operator Eligible eligibility,/admin/people/skills,,captured
NEW,/admin/people/skills,admin-skills,synthetic-populated,operator-dev,single-plane-dev-isolated-synthetic,desktop,top,docs/worklog/screenshots/ui-ux-audit-v1/new/admin-skills__synthetic-populated__desktop__top.png,888eeb26ded518c383897cf458c201d5e7ce16ae80082670c843d85e050c8c4f,Skill-uri heading + Operator Eligible eligibility,/admin/people/skills,,captured
NEW,/admin/stock/:resourceId,admin-stock-item,populated,operator-dev,single-plane-dev-isolated-synthetic,desktop,full,docs/worklog/screenshots/ui-ux-audit-v1/new/admin-stock-item__populated__desktop__full.png,c97d192fc0ca145d32be5e26f51e677624246e5bfe1660ae159fba555fc508d9,admin-stock-item,/admin/stock/:resourceId,,captured
NEW,/admin/stock,admin-stock-overview,populated,operator-dev,single-plane-dev-isolated-synthetic,desktop,bottom,docs/worklog/screenshots/ui-ux-audit-v1/new/admin-stock-overview__populated__desktop__bottom.png,363570474b285e0454d548d48be4d57ec0737b0acde1bc1a96d1c5794aeefacf,admin-stock-overview,/admin/stock,,captured
NEW,/admin/stock,admin-stock-overview,populated,operator-dev,single-plane-dev-isolated-synthetic,desktop,full,docs/worklog/screenshots/ui-ux-audit-v1/new/admin-stock-overview__populated__desktop__full.png,62d856a453228b45811473ddb2292d15756aacc939570511a44079e2be7d8a30,admin-stock-overview,/admin/stock,,captured
NEW,/admin/stock,admin-stock-overview,populated,operator-dev,single-plane-dev-isolated-synthetic,desktop,mid,docs/worklog/screenshots/ui-ux-audit-v1/new/admin-stock-overview__populated__desktop__mid.png,a8c455de2253c17c3ee5c0492fe845d0f385909bbc812afd552c8f8a8016966d,admin-stock-overview,/admin/stock,,captured
NEW,/admin/stock,admin-stock-overview,populated,operator-dev,single-plane-dev-isolated-synthetic,desktop,top,docs/worklog/screenshots/ui-ux-audit-v1/new/admin-stock-overview__populated__desktop__top.png,7e43feeaf7c86d90463c3eb87edf3431ec52470e45a8b5a00e6e57aa54b0f55b,admin-stock-overview,/admin/stock,,captured
NEW,/admin/workcenters,admin-workcenters-catalog,populated,operator-dev,single-plane-dev-isolated-synthetic,desktop,full,docs/worklog/screenshots/ui-ux-audit-v1/new/admin-workcenters-catalog__populated__desktop__full.png,1a01060bb45c416d00908bc387a5d625f366b9302fbde883a00d160d09453f92,admin-workcenters-catalog,/admin/workcenters,,captured
NEW,/admin/workcenters,admin-workcenters-catalog-categories,category-walk,operator-dev,single-plane-dev-isolated-synthetic,desktop,full,docs/worklog/screenshots/ui-ux-audit-v1/new/admin-workcenters-catalog-categories__category-walk__desktop__full.png,252af77e7313317a386b32979e56fc137dc8ca914281a1f4c2258c0dcd0f850e,admin-workcenters-catalog-categories,/admin/workcenters,,captured
OLD,angajati-registry,angajati-registry,admin-preview,admin-dev-preview,old-demo-db-copy-isolated,desktop,full,docs/worklog/screenshots/ui-ux-audit-v1/old/angajati-registry__admin-preview__desktop__full.png,56109926f4f8cea3b9890d5f785796323271bd50e2e4df65c456535d53ae4a27,angajati-registry,angajati-registry,,captured
NEW,(boot),app-boot-unavailable,backend-unreachable,operator-dev,single-plane-dev-isolated-synthetic,desktop,full,docs/worklog/screenshots/ui-ux-audit-v1/new/app-boot-unavailable__backend-unreachable__desktop__full.png,1e5b6d390ed61bf171e720234c50233f3eed3fb8b7c71d85f23c931e698a3df3,app-boot-unavailable,(boot),,captured
NEW,/atelier,atelier-inbox,empty-or-no-session,operator-dev,single-plane-dev-isolated-synthetic,desktop,full,docs/worklog/screenshots/ui-ux-audit-v1/new/atelier-inbox__empty-or-no-session__desktop__full.png,51de5151b1d7a64b003182598387f758cc14ea2a80112b2a76edfec511bb9b5b,Atelier / Munca mea,/atelier,,captured
NEW,/atelier,atelier-inbox,empty-or-no-session,operator-dev,single-plane-dev-isolated-synthetic,narrow,full,docs/worklog/screenshots/ui-ux-audit-v1/new/atelier-inbox__empty-or-no-session__narrow__full.png,909536d9351e60fb6cf80b44cfae7bc828f138aa487d9073fbe276ed6bc743b1,Atelier / Munca mea,/atelier,,captured
NEW,/atelier,atelier-inbox,empty-or-no-session,operator-dev,single-plane-dev-isolated-synthetic,tablet,full,docs/worklog/screenshots/ui-ux-audit-v1/new/atelier-inbox__empty-or-no-session__tablet__full.png,0f6310703b6114dd6d90e4857a4fce6a5392c857c5a0bee97baccb98fee82086,Atelier / Munca mea,/atelier,,captured
NEW,/atelier,atelier-inbox,session-populated-or-ready,operator-dev,single-plane-dev-isolated-synthetic,desktop,bottom,docs/worklog/screenshots/ui-ux-audit-v1/new/atelier-inbox__session-populated-or-ready__desktop__bottom.png,93a2863c8811a06fab753b8240a1129b35d15a56bcf8b0c0370d258ff326f56c,Atelier / Munca mea,/atelier,,captured
NEW,/atelier,atelier-inbox,session-populated-or-ready,operator-dev,single-plane-dev-isolated-synthetic,desktop,full,docs/worklog/screenshots/ui-ux-audit-v1/new/atelier-inbox__session-populated-or-ready__desktop__full.png,c4fc8f6cf20fc0ba4249eeecd3e47e017288a3440d3329b82fd8d99d4a3a7ec6,Atelier / Munca mea,/atelier,,captured
NEW,/atelier,atelier-inbox,session-populated-or-ready,operator-dev,single-plane-dev-isolated-synthetic,desktop,mid,docs/worklog/screenshots/ui-ux-audit-v1/new/atelier-inbox__session-populated-or-ready__desktop__mid.png,8878fd2d48e53a9686a2f097c474bc1e1755a5befb0ac0981c5b6ad0c10d4cb6,Atelier / Munca mea,/atelier,,captured
NEW,/atelier,atelier-inbox,session-populated-or-ready,operator-dev,single-plane-dev-isolated-synthetic,desktop,top,docs/worklog/screenshots/ui-ux-audit-v1/new/atelier-inbox__session-populated-or-ready__desktop__top.png,c06954e9cf379f1fd733265aae092eee4d041375afbaf9e0519b9e21d79c8bb1,Atelier / Munca mea,/atelier,,captured
OLD,atelier-overview,atelier-overview,admin-preview,admin-dev-preview,old-demo-db-copy-isolated,desktop,full,docs/worklog/screenshots/ui-ux-audit-v1/old/atelier-overview__admin-preview__desktop__full.png,0c0dbb8fa67605a3167b2cedab239cc63120fc4a580651eeceae58b21bd9e87d,atelier-overview,atelier-overview,,captured
OLD,atelier-overview,atelier-overview,admin-preview,admin-dev-preview,old-demo-db-copy-isolated,narrow,full,docs/worklog/screenshots/ui-ux-audit-v1/old/atelier-overview__admin-preview__narrow__full.png,def1ad10191d62a0228dde88c67748fb839594da46b58f0aa1072da91307d57c,atelier-overview,atelier-overview,,captured
OLD,atelier-overview,atelier-overview,admin-preview,admin-dev-preview,old-demo-db-copy-isolated,tablet,full,docs/worklog/screenshots/ui-ux-audit-v1/old/atelier-overview__admin-preview__tablet__full.png,27f1d53d05416989254a7a258c80238bbd62685e40b6d1fc2d107be0efa7a5e9,atelier-overview,atelier-overview,,captured
OLD,attendance-effects,attendance-effects,admin-preview,admin-dev-preview,old-demo-db-copy-isolated,desktop,full,docs/worklog/screenshots/ui-ux-audit-v1/old/attendance-effects__admin-preview__desktop__full.png,7182afdbf66a4a03816506fc27c3b409ffffe8af4d4c992d4b4ff20cb2d462fd,attendance-effects,attendance-effects,,captured
OLD,avansuri,avansuri,admin-preview,admin-dev-preview,old-demo-db-copy-isolated,desktop,full,docs/worklog/screenshots/ui-ux-audit-v1/old/avansuri__admin-preview__desktop__full.png,582ba0677919f02d19a294c5f780bdcc4a3d62bb4c97c2c5a08e8d286b0176ea,avansuri,avansuri,,captured
OLD,blueprint-dossier-studio,blueprint-dossier-studio,admin-preview,admin-dev-preview,old-demo-db-copy-isolated,desktop,full,docs/worklog/screenshots/ui-ux-audit-v1/old/blueprint-dossier-studio__admin-preview__desktop__full.png,46b5766b4f941ed2bb7fbaf54e157f17f4bd47b307646a854a76b51bffd39ce0,blueprint-dossier-studio,blueprint-dossier-studio,,captured
NEW,*,catch-all-redirect,redirected-to-jobs,operator-dev,single-plane-dev-isolated-synthetic,desktop,full,docs/worklog/screenshots/ui-ux-audit-v1/new/catch-all-redirect__redirected-to-jobs__desktop__full.png,4f642dfc8484e0a271c62e326eda0d9978c324dd98b32a4a44019f7de74fbd31,catch-all-redirect,*,,captured
OLD,cereri-list,cereri-list,admin-preview,admin-dev-preview,old-demo-db-copy-isolated,desktop,full,docs/worklog/screenshots/ui-ux-audit-v1/old/cereri-list__admin-preview__desktop__full.png,368220be0ca4fe189c4c8de0c4495c0cc1422cd04606558e106ece5d53e989b8,cereri-list,cereri-list,,captured
OLD,cereri-list,cereri-list,admin-preview,admin-dev-preview,old-demo-db-copy-isolated,narrow,full,docs/worklog/screenshots/ui-ux-audit-v1/old/cereri-list__admin-preview__narrow__full.png,8db55a1a6aebfc4a0509d4cb38972e4861696987d5fc355f61c93b8b9ee1881a,cereri-list,cereri-list,,captured
OLD,cereri-list,cereri-list,admin-preview,admin-dev-preview,old-demo-db-copy-isolated,tablet,full,docs/worklog/screenshots/ui-ux-audit-v1/old/cereri-list__admin-preview__tablet__full.png,117915f6cf1b11030f425dd23ed107b46cfedb22bccc900ddd1a6f2dd32162b6,cereri-list,cereri-list,,captured
OLD,cereri-pipeline-filter,cereri-pipeline-filter,status-selected,admin-dev-preview,old-demo-db-copy-isolated,desktop,full,docs/worklog/screenshots/ui-ux-audit-v1/old/cereri-pipeline-filter__status-selected__desktop__full.png,3b426cc3b65324d1dc73d8155c4cb0b3b3ca5714225f952735d698fcae39f709,cereri-pipeline-filter,cereri-pipeline-filter,,captured
OLD,/clients/:clientName,client-tab-cereri,local-tab,admin-dev-preview,old-demo-db-copy-isolated,desktop,full,docs/worklog/screenshots/ui-ux-audit-v1/old/client-tab-cereri__local-tab__desktop__full.png,dfa80dc2a0b5034123fd43d8231007edc37b34e8516e499f21849a4a5554b8e0,local client tab Cereri,/clients/:clientName,,captured
OLD,/clients/:clientName,client-tab-comenzi,local-tab,admin-dev-preview,old-demo-db-copy-isolated,desktop,full,docs/worklog/screenshots/ui-ux-audit-v1/old/client-tab-comenzi__local-tab__desktop__full.png,2a41583228605a2f94da79b2507985ee9a85bc7679979eb822a5fd87f1343659,local client tab Comenzi,/clients/:clientName,,captured
OLD,/clients/:clientName,client-tab-oferte,local-tab,admin-dev-preview,old-demo-db-copy-isolated,desktop,full,docs/worklog/screenshots/ui-ux-audit-v1/old/client-tab-oferte__local-tab__desktop__full.png,e53ab48c57adecc74b2b01eccd53daa1cc16b7db6b6bdba7677373e440c26fb7,local client tab Oferte,/clients/:clientName,,captured
OLD,/clients/:clientName,client-tab-overview,local-tab,admin-dev-preview,old-demo-db-copy-isolated,desktop,full,docs/worklog/screenshots/ui-ux-audit-v1/old/client-tab-overview__local-tab__desktop__full.png,c15bee3d7f4e9231bfd865ea23597609c3f1965f2db7fbbf18cd5b0da8276d1a,local client tab Overview,/clients/:clientName,,captured
OLD,/clients/:clientName,client-workspace,opened,admin-dev-preview,old-demo-db-copy-isolated,desktop,full,docs/worklog/screenshots/ui-ux-audit-v1/old/client-workspace__opened__desktop__full.png,f0c599bc06df2690525e9a657c9196c52d950e9ab537c2441de5502ba0e4455d,client-workspace,/clients/:clientName,,captured
NEW,/clients/:customerId,client-workspace-cereri,populated,operator-dev,single-plane-dev-isolated-synthetic,desktop,full,docs/worklog/screenshots/ui-ux-audit-v1/new/client-workspace-cereri__populated__desktop__full.png,4c1c42cbb26937ccf7de7f7747def2a0661b9f2f2a50c17f4ed5448ce7eb2593,client-workspace-cereri,/clients/:customerId,,captured
NEW,/clients/:customerId,client-workspace-lucrari,populated,operator-dev,single-plane-dev-isolated-synthetic,desktop,full,docs/worklog/screenshots/ui-ux-audit-v1/new/client-workspace-lucrari__populated__desktop__full.png,1d99fec390ecad1065bbcc81f896179a44705d65e2758edb3be43c08ec377a73,client-workspace-lucrari,/clients/:customerId,,captured
NEW,/clients/:customerId,client-workspace-oferte,populated,operator-dev,single-plane-dev-isolated-synthetic,desktop,full,docs/worklog/screenshots/ui-ux-audit-v1/new/client-workspace-oferte__populated__desktop__full.png,d40515cf5b7fd39da986dcb897076da0a6da1a2cee5227a47bf1e71338f40794,client-workspace-oferte,/clients/:customerId,,captured
NEW,/clients/:customerId,client-workspace-prezentare,populated,operator-dev,single-plane-dev-isolated-synthetic,desktop,full,docs/worklog/screenshots/ui-ux-audit-v1/new/client-workspace-prezentare__populated__desktop__full.png,e36afe15187f77e3737a5906401d6a01d30d974e8694e7f006277f597d0cfbcc,client-workspace-prezentare,/clients/:customerId,,captured
OLD,clienti-list,clienti-list,admin-preview,admin-dev-preview,old-demo-db-copy-isolated,desktop,full,docs/worklog/screenshots/ui-ux-audit-v1/old/clienti-list__admin-preview__desktop__full.png,51910af277867aa2239d30187cac7a6bfeed5c576e510def90603400071401e6,clienti-list,clienti-list,,captured
OLD,clienti-list,clienti-list,admin-preview,admin-dev-preview,old-demo-db-copy-isolated,narrow,full,docs/worklog/screenshots/ui-ux-audit-v1/old/clienti-list__admin-preview__narrow__full.png,0a86e7c2b9c40e68264c8d558ae0e23d9a03cae0158eea5365005ea8a11d459b,clienti-list,clienti-list,,captured
OLD,clienti-list,clienti-list,admin-preview,admin-dev-preview,old-demo-db-copy-isolated,tablet,full,docs/worklog/screenshots/ui-ux-audit-v1/old/clienti-list__admin-preview__tablet__full.png,85cac723bb186866fff54b96fbe1fd79120a1775fdc1f87bc71dc144f0f65a35,clienti-list,clienti-list,,captured
NEW,/clients,clients-overview,empty-or-populated,operator-dev,single-plane-dev-isolated-synthetic,desktop,full,docs/worklog/screenshots/ui-ux-audit-v1/new/clients-overview__empty-or-populated__desktop__full.png,61aabe7fafe9841e6a19c6345f745ed3349a42866fa20ffe500d10e00e073785,clients-overview,/clients,,captured
NEW,/clients,clients-overview,empty-or-populated,operator-dev,single-plane-dev-isolated-synthetic,narrow,full,docs/worklog/screenshots/ui-ux-audit-v1/new/clients-overview__empty-or-populated__narrow__full.png,4e278fde395ad2216ae6e51d42a84564db5563de814661a421f12ed180f64880,clients-overview,/clients,,captured
NEW,/clients,clients-overview,empty-or-populated,operator-dev,single-plane-dev-isolated-synthetic,tablet,full,docs/worklog/screenshots/ui-ux-audit-v1/new/clients-overview__empty-or-populated__tablet__full.png,5381416e9bc758a6bea79acc0381de682cf7ff1877c6396100ee66458398d3ab,clients-overview,/clients,,captured
NEW,/login,cloud-login,empty-form,operator-dev,single-plane-dev-isolated-synthetic,desktop,full,docs/worklog/screenshots/ui-ux-audit-v1/new/cloud-login__empty-form__desktop__full.png,d463c35652968ea49e204da32b999e286e585a84a600072a3f8c4f41e12518f2,Autentificare,/login,,captured
NEW,/login,cloud-login,invalid-credentials,operator-dev,single-plane-dev-isolated-synthetic,desktop,full,docs/worklog/screenshots/ui-ux-audit-v1/new/cloud-login__invalid-credentials__desktop__full.png,7bbe72cce086d0388f68c34ea589581a91772726ff66f77efbe4fcd4bad780af,Autentificare,/login,,captured
OLD,colaboratori,colaboratori,admin-preview,admin-dev-preview,old-demo-db-copy-isolated,desktop,full,docs/worklog/screenshots/ui-ux-audit-v1/old/colaboratori__admin-preview__desktop__full.png,28da129b94e46b28d9c92458de7951a79fc6be9fafdebf4cfee087ac811cd6fe,colaboratori,colaboratori,,captured
OLD,/orders/:orderId,comenzi-detail,selected-detail,admin-dev-preview,old-demo-db-copy-isolated,desktop,full,docs/worklog/screenshots/ui-ux-audit-v1/old/comenzi-detail__selected-detail__desktop__full.png,6e6fd717a23ba92c55f7964f4e3c57afcadeb64edc677694b10d7e78835be9c3,DEMO-ORDER-001 detail pane,/orders/:orderId,,captured
OLD,comenzi-list,comenzi-list,admin-preview,admin-dev-preview,old-demo-db-copy-isolated,desktop,full,docs/worklog/screenshots/ui-ux-audit-v1/old/comenzi-list__admin-preview__desktop__full.png,674ccf7bdde501d24aba2451ac1368bc4b3afc7bb80796dc7b49354ec786fe15,comenzi-list,comenzi-list,,captured
OLD,comenzi-list,comenzi-list,admin-preview,admin-dev-preview,old-demo-db-copy-isolated,narrow,full,docs/worklog/screenshots/ui-ux-audit-v1/old/comenzi-list__admin-preview__narrow__full.png,b92b1ca35299b9a4c0745eebe2fb4d2a040f1a0cff9f6f39a74f3d29bbd503c4,comenzi-list,comenzi-list,,captured
OLD,comenzi-list,comenzi-list,admin-preview,admin-dev-preview,old-demo-db-copy-isolated,tablet,full,docs/worklog/screenshots/ui-ux-audit-v1/old/comenzi-list__admin-preview__tablet__full.png,60b0e41172016fc4043f902edb06380d4129cebca8bdad498524be75829ecde2,comenzi-list,comenzi-list,,captured
NEW,/components,components-inspection,populated,operator-dev,single-plane-dev-isolated-synthetic,desktop,full,docs/worklog/screenshots/ui-ux-audit-v1/new/components-inspection__populated__desktop__full.png,72eeeb5387ac2ff056c7164e5a52e1aecef9ce92f747dee1f249b77565743503,components-inspection,/components,,captured
NEW,/components,components-inspection-categories,category-walk,operator-dev,single-plane-dev-isolated-synthetic,desktop,bottom,docs/worklog/screenshots/ui-ux-audit-v1/new/components-inspection-categories__category-walk__desktop__bottom.png,6758eda504e7fb1b3cc696a1bb7fe2f9eb3f5f1a5fcbeda57c9eddd425049117,components-inspection-categories,/components,,captured
NEW,/components,components-inspection-categories,category-walk,operator-dev,single-plane-dev-isolated-synthetic,desktop,full,docs/worklog/screenshots/ui-ux-audit-v1/new/components-inspection-categories__category-walk__desktop__full.png,71ce3a054169e2f6a3129e2307d9eaf52aa7bf69bfa1da8b3b92cbcd4bc46fc2,components-inspection-categories,/components,,captured
NEW,/components,components-inspection-categories,category-walk,operator-dev,single-plane-dev-isolated-synthetic,desktop,mid,docs/worklog/screenshots/ui-ux-audit-v1/new/components-inspection-categories__category-walk__desktop__mid.png,690c4c608c83aa200fd9d50891b8eff5beb509383bc81495ebaae3224b0a2dc5,components-inspection-categories,/components,,captured
NEW,/components,components-inspection-categories,category-walk,operator-dev,single-plane-dev-isolated-synthetic,desktop,top,docs/worklog/screenshots/ui-ux-audit-v1/new/components-inspection-categories__category-walk__desktop__top.png,a3aa79a5753f7c787049114b42b4f2464d07e5d4bd94381a3c86b150c681558b,components-inspection-categories,/components,,captured
OLD,control-productie,control-productie,admin-preview,admin-dev-preview,old-demo-db-copy-isolated,desktop,full,docs/worklog/screenshots/ui-ux-audit-v1/old/control-productie__admin-preview__desktop__full.png,583e460f1ca9b700820c815a0e3a616c85c058f7cdbc170514553e6fbd1877ea,control-productie,control-productie,,captured
OLD,document-center,document-center,admin-preview,admin-dev-preview,old-demo-db-copy-isolated,desktop,full,docs/worklog/screenshots/ui-ux-audit-v1/old/document-center__admin-preview__desktop__full.png,ed9a0c2226877f195950e2dc073e8e0d26406995e977662bde199dcf59de5ec0,document-center,document-center,,captured
OLD,emp-mobile-v1-attendance,emp-mobile-v1-attendance,admin-preview,admin-dev-preview,old-demo-db-copy-isolated,desktop,full,docs/worklog/screenshots/ui-ux-audit-v1/old/emp-mobile-v1-attendance__admin-preview__desktop__full.png,5aec03aad69fe8184431ace64eb8d401da46634e7b84129958eda42b701ac95f,emp-mobile-v1-attendance,emp-mobile-v1-attendance,,captured
OLD,emp-mobile-v1-home,emp-mobile-v1-home,admin-preview,admin-dev-preview,old-demo-db-copy-isolated,desktop,full,docs/worklog/screenshots/ui-ux-audit-v1/old/emp-mobile-v1-home__admin-preview__desktop__full.png,f6ec43bdb3ba5f01b3e2620f32be5e665221f961e99119e1bfeb2e5a927422e9,emp-mobile-v1-home,emp-mobile-v1-home,,captured
OLD,emp-mobile-v1-home,emp-mobile-v1-home,admin-preview,admin-dev-preview,old-demo-db-copy-isolated,narrow,full,docs/worklog/screenshots/ui-ux-audit-v1/old/emp-mobile-v1-home__admin-preview__narrow__full.png,3c1bdc447b4ebfc584e13005ada54864c875f31f02150cb9ac83632932adfa94,emp-mobile-v1-home,emp-mobile-v1-home,,captured
OLD,emp-mobile-v1-home,emp-mobile-v1-home,admin-preview,admin-dev-preview,old-demo-db-copy-isolated,tablet,full,docs/worklog/screenshots/ui-ux-audit-v1/old/emp-mobile-v1-home__admin-preview__tablet__full.png,9ed7167fe41f943a3fed701d878d44f41cc3e983b5a627be8b91e8c9a3b4b5fb,emp-mobile-v1-home,emp-mobile-v1-home,,captured
OLD,emp-mobile-v1-personal,emp-mobile-v1-personal,admin-preview,admin-dev-preview,old-demo-db-copy-isolated,desktop,full,docs/worklog/screenshots/ui-ux-audit-v1/old/emp-mobile-v1-personal__admin-preview__desktop__full.png,761e61e99777b339420590b4852ccdb683ac24a814845dab26628e442c864413,emp-mobile-v1-personal,emp-mobile-v1-personal,,captured
OLD,emp-mobile-v1-requests,emp-mobile-v1-requests,admin-preview,admin-dev-preview,old-demo-db-copy-isolated,desktop,full,docs/worklog/screenshots/ui-ux-audit-v1/old/emp-mobile-v1-requests__admin-preview__desktop__full.png,096f5c3aa237e311b3a08cf8539e6373f9d4c5d637c1ac3e31077fbc9a6714d6,emp-mobile-v1-requests,emp-mobile-v1-requests,,captured
OLD,emp-mobile-v1-review,emp-mobile-v1-review,admin-preview,admin-dev-preview,old-demo-db-copy-isolated,desktop,full,docs/worklog/screenshots/ui-ux-audit-v1/old/emp-mobile-v1-review__admin-preview__desktop__full.png,032e640b76d46129ec74ece4b2571875e6cf2618575843fdc2d4ba261e45c391,emp-mobile-v1-review,emp-mobile-v1-review,,captured
OLD,emp-mobile-v1-tasks,emp-mobile-v1-tasks,admin-preview,admin-dev-preview,old-demo-db-copy-isolated,desktop,full,docs/worklog/screenshots/ui-ux-audit-v1/old/emp-mobile-v1-tasks__admin-preview__desktop__full.png,e030ddcbe764da83d9f92882ebdd45fa67b2a8649af1bb16a8a63f0ecef794e3,emp-mobile-v1-tasks,emp-mobile-v1-tasks,,captured
OLD,emp-mobile-v1-team,emp-mobile-v1-team,investigate,admin-dev-preview,old-demo-db-copy-isolated,desktop,full,docs/worklog/screenshots/ui-ux-audit-v1/old/emp-mobile-v1-team__investigate__desktop__full.png,a596e063d4e3485e30c56064cf5083875b26f25e94c47502460e5a532d203033,emp-mobile-v1-team,emp-mobile-v1-team,,captured
OLD,emp-mobile-v2-blockers,emp-mobile-v2-blockers,investigate,admin-dev-preview,old-demo-db-copy-isolated,desktop,full,docs/worklog/screenshots/ui-ux-audit-v1/old/emp-mobile-v2-blockers__investigate__desktop__full.png,2d592b3474e78b85dc27327154e71e57f0b47155287359db93e98dce5aadc80c,emp-mobile-v2-blockers,emp-mobile-v2-blockers,,captured
OLD,emp-mobile-v2-documents,emp-mobile-v2-documents,investigate,admin-dev-preview,old-demo-db-copy-isolated,desktop,full,docs/worklog/screenshots/ui-ux-audit-v1/old/emp-mobile-v2-documents__investigate__desktop__full.png,99947acdc20e45e6d5b026f7ba7e40f84d45b9ebf7274f4ed8ed47d88c1746de,emp-mobile-v2-documents,emp-mobile-v2-documents,,captured
OLD,emp-mobile-v2-home,emp-mobile-v2-home,prototype,admin-dev-preview,old-demo-db-copy-isolated,desktop,full,docs/worklog/screenshots/ui-ux-audit-v1/old/emp-mobile-v2-home__prototype__desktop__full.png,ff8feba85db698752cc11427a3bdc17137fb1f1f135d287903c2b247717d7168,emp-mobile-v2-home,emp-mobile-v2-home,,captured
OLD,emp-mobile-v2-personal-attendance,emp-mobile-v2-personal-attendance,prototype,admin-dev-preview,old-demo-db-copy-isolated,desktop,full,docs/worklog/screenshots/ui-ux-audit-v1/old/emp-mobile-v2-personal-attendance__prototype__desktop__full.png,f1c136add9acf5cbb0037fb4ddff09c66b241a50ce88e88e0c1f6baae9fe9684,emp-mobile-v2-personal-attendance,emp-mobile-v2-personal-attendance,,captured
OLD,emp-mobile-v2-personal-hub,emp-mobile-v2-personal-hub,prototype,admin-dev-preview,old-demo-db-copy-isolated,desktop,full,docs/worklog/screenshots/ui-ux-audit-v1/old/emp-mobile-v2-personal-hub__prototype__desktop__full.png,f31adafca5236688a9205ee7cf1e0866144020686a4f90f4f5a15f5e68118122,emp-mobile-v2-personal-hub,emp-mobile-v2-personal-hub,,captured
OLD,emp-mobile-v2-personal-info,emp-mobile-v2-personal-info,prototype,admin-dev-preview,old-demo-db-copy-isolated,desktop,full,docs/worklog/screenshots/ui-ux-audit-v1/old/emp-mobile-v2-personal-info__prototype__desktop__full.png,56ed93b22d72b752989a514f98e44f97617d276f0ccb41ad0f366608cdfc938b,emp-mobile-v2-personal-info,emp-mobile-v2-personal-info,,captured
OLD,emp-mobile-v2-personal-requests,emp-mobile-v2-personal-requests,prototype,admin-dev-preview,old-demo-db-copy-isolated,desktop,full,docs/worklog/screenshots/ui-ux-audit-v1/old/emp-mobile-v2-personal-requests__prototype__desktop__full.png,9a4a65a7e2bec29490a1caf639f6304078e98ea1a65ee1eca48ee0eeb896c09e,emp-mobile-v2-personal-requests,emp-mobile-v2-personal-requests,,captured
OLD,emp-mobile-v2-personal-review,emp-mobile-v2-personal-review,prototype,admin-dev-preview,old-demo-db-copy-isolated,desktop,full,docs/worklog/screenshots/ui-ux-audit-v1/old/emp-mobile-v2-personal-review__prototype__desktop__full.png,eacc167497bf9ad39a0dfd1d4b38d15e4020ef2666828302712a19528ce3d34b,emp-mobile-v2-personal-review,emp-mobile-v2-personal-review,,captured
OLD,emp-mobile-v2-pipeline,emp-mobile-v2-pipeline,investigate,admin-dev-preview,old-demo-db-copy-isolated,desktop,full,docs/worklog/screenshots/ui-ux-audit-v1/old/emp-mobile-v2-pipeline__investigate__desktop__full.png,9e78c8dfd65fb096d2040d2f9886c6991d09c77a564c8c5cf18e8192fa02a665,emp-mobile-v2-pipeline,emp-mobile-v2-pipeline,,captured
OLD,emp-mobile-v2-tasks,emp-mobile-v2-tasks,prototype,admin-dev-preview,old-demo-db-copy-isolated,desktop,full,docs/worklog/screenshots/ui-ux-audit-v1/old/emp-mobile-v2-tasks__prototype__desktop__full.png,04cc2d0100d343402e9358c5ce6fa5ceefe4f09de62132ce8e58de979d0ff9f7,emp-mobile-v2-tasks,emp-mobile-v2-tasks,,captured
OLD,emp-mobile-v2-upcoming,emp-mobile-v2-upcoming,investigate,admin-dev-preview,old-demo-db-copy-isolated,desktop,full,docs/worklog/screenshots/ui-ux-audit-v1/old/emp-mobile-v2-upcoming__investigate__desktop__full.png,e2d6a5b6933857f906c1bfe4d48383768e7e86b9a1e8a237828f73d4be364f07,emp-mobile-v2-upcoming,emp-mobile-v2-upcoming,,captured
OLD,employee-profile,employee-profile,opened,admin-dev-preview,old-demo-db-copy-isolated,desktop,full,docs/worklog/screenshots/ui-ux-audit-v1/old/employee-profile__opened__desktop__full.png,53c3028d5b51da12862d01c9c67779032b3668c74d3a284ad7e71a45359ef09e,employee-profile,employee-profile,,captured
OLD,evidenta-hr-list,evidenta-hr-list,admin-preview,admin-dev-preview,old-demo-db-copy-isolated,desktop,full,docs/worklog/screenshots/ui-ux-audit-v1/old/evidenta-hr-list__admin-preview__desktop__full.png,c60ddeea9585b229aa3922caf01795269566bc0d7dfff2a6b8b99a9c7cb34cda,evidenta-hr-list,evidenta-hr-list,,captured
OLD,/execution,execution-dashboard,direct-demo-populated,admin-dev-preview,old-demo-db-copy-isolated,desktop,full,docs/worklog/screenshots/ui-ux-audit-v1/old/execution-dashboard__direct-demo-populated__desktop__full.png,818afe932496802f617ae1383d7ba655a533fa74517718aba65a5c96ccbbfd45,Executie heading + Comenzi in executie + DEMO-ORDER-001,/execution,,captured
OLD,/execution/:order_id,execution-detail,demo-order-001-populated,admin-dev-preview,old-demo-db-copy-isolated,desktop,full,docs/worklog/screenshots/ui-ux-audit-v1/old/execution-detail__demo-order-001-populated__desktop__full.png,5b046f8d7472958b8a0611cc8e4c13c8a57e9162d490296976e8b8d6cf7befd5,Rezultat executie + DEMO-ORDER-001,/execution/:order_id,,captured
NEW,/execution/:planId,execution-workspace,ineligible-operator,operator-dev,single-plane-dev-isolated-synthetic,desktop,bottom,docs/worklog/screenshots/ui-ux-audit-v1/new/execution-workspace__ineligible-operator__desktop__bottom.png,9e58ad94fcb45a7d0a0e807e60d76cc7352080d8dd8e5f09b3c7bb5d2860c129,Plan de executie,/execution/:planId,,captured
NEW,/execution/:planId,execution-workspace,ineligible-operator,operator-dev,single-plane-dev-isolated-synthetic,desktop,full,docs/worklog/screenshots/ui-ux-audit-v1/new/execution-workspace__ineligible-operator__desktop__full.png,04e43e57cf413b42c09fb24ec5351b42dc1c90a26e1e2c618244f1b68340db1e,Plan de executie,/execution/:planId,,captured
NEW,/execution/:planId,execution-workspace,ineligible-operator,operator-dev,single-plane-dev-isolated-synthetic,desktop,mid,docs/worklog/screenshots/ui-ux-audit-v1/new/execution-workspace__ineligible-operator__desktop__mid.png,f785c8188e79c20ca1ba29b436f9afde2b917f186175405632fd51f662219202,Plan de executie,/execution/:planId,,captured
NEW,/execution/:planId,execution-workspace,ineligible-operator,operator-dev,single-plane-dev-isolated-synthetic,desktop,top,docs/worklog/screenshots/ui-ux-audit-v1/new/execution-workspace__ineligible-operator__desktop__top.png,8092cfdcb50e7647cd0770d5f577ccd29ea02ec610ed035a71bdbe90fe2c4a82,Plan de executie,/execution/:planId,,captured
NEW,/execution/:planId,execution-workspace,machine-blocked-or-planned,operator-dev,single-plane-dev-isolated-synthetic,desktop,bottom,docs/worklog/screenshots/ui-ux-audit-v1/new/execution-workspace__machine-blocked-or-planned__desktop__bottom.png,9e58ad94fcb45a7d0a0e807e60d76cc7352080d8dd8e5f09b3c7bb5d2860c129,Plan de executie,/execution/:planId,,captured
NEW,/execution/:planId,execution-workspace,machine-blocked-or-planned,operator-dev,single-plane-dev-isolated-synthetic,desktop,full,docs/worklog/screenshots/ui-ux-audit-v1/new/execution-workspace__machine-blocked-or-planned__desktop__full.png,86d30536851fbc1267b8f55ab989591d134bc040f7503204854f8cad0369a026,Plan de executie,/execution/:planId,,captured
NEW,/execution/:planId,execution-workspace,machine-blocked-or-planned,operator-dev,single-plane-dev-isolated-synthetic,desktop,mid,docs/worklog/screenshots/ui-ux-audit-v1/new/execution-workspace__machine-blocked-or-planned__desktop__mid.png,f785c8188e79c20ca1ba29b436f9afde2b917f186175405632fd51f662219202,Plan de executie,/execution/:planId,,captured
NEW,/execution/:planId,execution-workspace,machine-blocked-or-planned,operator-dev,single-plane-dev-isolated-synthetic,desktop,top,docs/worklog/screenshots/ui-ux-audit-v1/new/execution-workspace__machine-blocked-or-planned__desktop__top.png,fa4a669101285033b57d430699318c6143cda385556c4009359b94206ec04c1b,Plan de executie,/execution/:planId,,captured
NEW,/execution/:planId,execution-workspace,populated-planned,operator-dev,single-plane-dev-isolated-synthetic,desktop,bottom,docs/worklog/screenshots/ui-ux-audit-v1/new/execution-workspace__populated-planned__desktop__bottom.png,e44f49f56fd8e5ad75e8dd2a986422f0d4f7e510f0c5360219b14b1207f9e880,Plan de executie,/execution/:planId,,captured
NEW,/execution/:planId,execution-workspace,populated-planned,operator-dev,single-plane-dev-isolated-synthetic,desktop,full,docs/worklog/screenshots/ui-ux-audit-v1/new/execution-workspace__populated-planned__desktop__full.png,2893bfbded64329649eb356ef5d667179f23b2ea603b7bbeba6da4a15aa06dad,Plan de executie,/execution/:planId,,captured
NEW,/execution/:planId,execution-workspace,populated-planned,operator-dev,single-plane-dev-isolated-synthetic,desktop,mid,docs/worklog/screenshots/ui-ux-audit-v1/new/execution-workspace__populated-planned__desktop__mid.png,2b30f76d498e70c5da0fb2d37d65540902e39ce90b2acba22710ddff1d34a5a9,Plan de executie,/execution/:planId,,captured
NEW,/execution/:planId,execution-workspace,populated-planned,operator-dev,single-plane-dev-isolated-synthetic,desktop,top,docs/worklog/screenshots/ui-ux-audit-v1/new/execution-workspace__populated-planned__desktop__top.png,96b36f3d02a1851abf25b24d8d8a13bc05bc90b1a4cae1a38e6109f223a3ad80,Plan de executie,/execution/:planId,,captured
NEW,/execution/:planId,execution-workspace,populated-planned,operator-dev,single-plane-dev-isolated-synthetic,narrow,bottom,docs/worklog/screenshots/ui-ux-audit-v1/new/execution-workspace__populated-planned__narrow__bottom.png,84e4c4ecdcad544813052ce1e1e9bdffa0e93dd5ecf53b8c10e3ac9b587fdeb3,Plan de executie,/execution/:planId,,captured
NEW,/execution/:planId,execution-workspace,populated-planned,operator-dev,single-plane-dev-isolated-synthetic,narrow,full,docs/worklog/screenshots/ui-ux-audit-v1/new/execution-workspace__populated-planned__narrow__full.png,f566acc39f7a44add8463f455beee3639574bf3af1250e494451a82c17ebab15,Plan de executie,/execution/:planId,,captured
NEW,/execution/:planId,execution-workspace,populated-planned,operator-dev,single-plane-dev-isolated-synthetic,narrow,mid,docs/worklog/screenshots/ui-ux-audit-v1/new/execution-workspace__populated-planned__narrow__mid.png,c222baf8637392d8474c75354ee56fcd886628986e7fd2f4d743c814c5f67070,Plan de executie,/execution/:planId,,captured
NEW,/execution/:planId,execution-workspace,populated-planned,operator-dev,single-plane-dev-isolated-synthetic,narrow,top,docs/worklog/screenshots/ui-ux-audit-v1/new/execution-workspace__populated-planned__narrow__top.png,c7aefd695920a176e0fd95febe9376d55f9625e90c5e527696bae1c5038af120,Plan de executie,/execution/:planId,,captured
NEW,/execution/:planId,execution-workspace,populated-planned,operator-dev,single-plane-dev-isolated-synthetic,tablet,bottom,docs/worklog/screenshots/ui-ux-audit-v1/new/execution-workspace__populated-planned__tablet__bottom.png,42e80989df32919ad3500d4b5f74fb9d6393fcbc433ecd1fbbc6fefd495157cc,Plan de executie,/execution/:planId,,captured
NEW,/execution/:planId,execution-workspace,populated-planned,operator-dev,single-plane-dev-isolated-synthetic,tablet,full,docs/worklog/screenshots/ui-ux-audit-v1/new/execution-workspace__populated-planned__tablet__full.png,78546295bec77e8346381c09bf287e6b1237aaaaa79056189665a04c905b1612,Plan de executie,/execution/:planId,,captured
NEW,/execution/:planId,execution-workspace,populated-planned,operator-dev,single-plane-dev-isolated-synthetic,tablet,mid,docs/worklog/screenshots/ui-ux-audit-v1/new/execution-workspace__populated-planned__tablet__mid.png,e0a3c719047cded0d1355720464303ec2e79bf88a5a3c59dd215c7dd2933521c,Plan de executie,/execution/:planId,,captured
NEW,/execution/:planId,execution-workspace,populated-planned,operator-dev,single-plane-dev-isolated-synthetic,tablet,top,docs/worklog/screenshots/ui-ux-audit-v1/new/execution-workspace__populated-planned__tablet__top.png,41b12234f03690657133c2e4d4e98a60c40acf23b61cd2f6b9413a23c897fcfb,Plan de executie,/execution/:planId,,captured
OLD,/governance,gov-tab-adevar,opened,admin-dev-preview,old-demo-db-copy-isolated,desktop,full,docs/worklog/screenshots/ui-ux-audit-v1/old/gov-tab-adevar__opened__desktop__full.png,e03aab9a99e1b54dd18835809dd5de966138d261fd32a43c15ef134a613388f5,gov-tab-adevar,/governance,,captured
OLD,gov-tab-autoritate,gov-tab-autoritate,opened,admin-dev-preview,old-demo-db-copy-isolated,desktop,full,docs/worklog/screenshots/ui-ux-audit-v1/old/gov-tab-autoritate__opened__desktop__full.png,29316419dca8bb4dc70f051ebfd80704bb062695569010c8c2864b3c6a6d9a9d,gov-tab-autoritate,gov-tab-autoritate,,captured
OLD,gov-tab-gates,gov-tab-gates,opened,admin-dev-preview,old-demo-db-copy-isolated,desktop,full,docs/worklog/screenshots/ui-ux-audit-v1/old/gov-tab-gates__opened__desktop__full.png,8a6e1cd4e40534db65a21d7bd84a9c80238844b0d081e4c2ea4624cd218dd7ef,gov-tab-gates,gov-tab-gates,,captured
OLD,gov-tab-limite,gov-tab-limite,opened,admin-dev-preview,old-demo-db-copy-isolated,desktop,full,docs/worklog/screenshots/ui-ux-audit-v1/old/gov-tab-limite__opened__desktop__full.png,3b7ed28d507fd46825061afd0a957e28d6cdb8f6b28bae96090f78a7e0bc9e3d,gov-tab-limite,gov-tab-limite,,captured
OLD,gov-tab-ui,gov-tab-ui,opened,admin-dev-preview,old-demo-db-copy-isolated,desktop,full,docs/worklog/screenshots/ui-ux-audit-v1/old/gov-tab-ui__opened__desktop__full.png,0b54474e489c37364f810ecdd69326de608d98d3c28ff972b67fc3bae317c9db,gov-tab-ui,gov-tab-ui,,captured
NEW,/governance,governance-inspection,populated,operator-dev,single-plane-dev-isolated-synthetic,desktop,bottom,docs/worklog/screenshots/ui-ux-audit-v1/new/governance-inspection__populated__desktop__bottom.png,1184c1b0146acf8538dce7ef38f560fc62939dbd04e2824b88355a52408372f6,governance-inspection,/governance,,captured
NEW,/governance,governance-inspection,populated,operator-dev,single-plane-dev-isolated-synthetic,desktop,full,docs/worklog/screenshots/ui-ux-audit-v1/new/governance-inspection__populated__desktop__full.png,d22d8df6636b1242f3212ac0d383fc278575b0e3f8259ab4cd90e5173a8d315e,governance-inspection,/governance,,captured
NEW,/governance,governance-inspection,populated,operator-dev,single-plane-dev-isolated-synthetic,desktop,mid,docs/worklog/screenshots/ui-ux-audit-v1/new/governance-inspection__populated__desktop__mid.png,b0238c1334e397ab2b83b94277783453a83a06f12d0f7ee578de736190c82968,governance-inspection,/governance,,captured
NEW,/governance,governance-inspection,populated,operator-dev,single-plane-dev-isolated-synthetic,desktop,top,docs/worklog/screenshots/ui-ux-audit-v1/new/governance-inspection__populated__desktop__top.png,7ff90454f7045c2f966621870420b72b3e763b9e930b66fe107acd6b96875c5b,governance-inspection,/governance,,captured
NEW,/governance,governance-inspection-categories,category-walk,operator-dev,single-plane-dev-isolated-synthetic,desktop,full,docs/worklog/screenshots/ui-ux-audit-v1/new/governance-inspection-categories__category-walk__desktop__full.png,4c87040c357989aaeff4309ac7af252082a75b7ffa19258a184cc2f5a15092b8,governance-inspection-categories,/governance,,captured
OLD,guvernanta,guvernanta,admin-preview,admin-dev-preview,old-demo-db-copy-isolated,desktop,full,docs/worklog/screenshots/ui-ux-audit-v1/old/guvernanta__admin-preview__desktop__full.png,dbb441aca4a7e138cd75397bc3cf6c2a5dea7004c7818557274ac2d0a288fd6d,guvernanta,guvernanta,,captured
OLD,harta-module,harta-module,admin-preview,admin-dev-preview,old-demo-db-copy-isolated,desktop,full,docs/worklog/screenshots/ui-ux-audit-v1/old/harta-module__admin-preview__desktop__full.png,fe5b678f251fa836a1904fff66893265f127a98058e3280015877c5de20c92f0,harta-module,harta-module,,captured
OLD,intake-v6-bootstrap,intake-v6-bootstrap,admin-preview,admin-dev-preview,old-demo-db-copy-isolated,desktop,full,docs/worklog/screenshots/ui-ux-audit-v1/old/intake-v6-bootstrap__admin-preview__desktop__full.png,e89e2743c9c5e3679f33e88de788f981d4eada4af24e43ded78d3ee62fc8ef80,intake-v6-bootstrap,intake-v6-bootstrap,,captured
OLD,intake-v6-configurare,intake-v6-configurare,demo-workspace,admin-dev-preview,old-demo-db-copy-isolated,desktop,full,docs/worklog/screenshots/ui-ux-audit-v1/old/intake-v6-configurare__demo-workspace__desktop__full.png,5f822ee81818c861c2f88aa58fda4caa2be576ad8adbee79b741830077377492,intake-v6-configurare,intake-v6-configurare,,captured
OLD,intake-v6-confirmare,intake-v6-confirmare,demo-workspace,admin-dev-preview,old-demo-db-copy-isolated,desktop,full,docs/worklog/screenshots/ui-ux-audit-v1/old/intake-v6-confirmare__demo-workspace__desktop__full.png,70d5402e172d7e4c89e3bf1d2ac31c34e74c1f7ad1d00307a14078cee9ed6cad,intake-v6-confirmare,intake-v6-confirmare,,captured
OLD,intake-v6-review-carcas,intake-v6-review-carcas,demo-workspace,admin-dev-preview,old-demo-db-copy-isolated,desktop,full,docs/worklog/screenshots/ui-ux-audit-v1/old/intake-v6-review-carcas__demo-workspace__desktop__full.png,5f9581273d3f0467799bf54f7bdd61ce99f0e7b29015682db677d0fddb8768c8,intake-v6-review-carcas,intake-v6-review-carcas,,captured
OLD,intake-v6-review-finisaje,intake-v6-review-finisaje,demo-workspace,admin-dev-preview,old-demo-db-copy-isolated,desktop,full,docs/worklog/screenshots/ui-ux-audit-v1/old/intake-v6-review-finisaje__demo-workspace__desktop__full.png,a347ed6049e187a9d03ea7224d1f48abbf7540e94f67b29bee63b6cc1f7299f7,intake-v6-review-finisaje,intake-v6-review-finisaje,,captured
OLD,intake-v6-review-iluminare,intake-v6-review-iluminare,demo-workspace,admin-dev-preview,old-demo-db-copy-isolated,desktop,full,docs/worklog/screenshots/ui-ux-audit-v1/old/intake-v6-review-iluminare__demo-workspace__desktop__full.png,c0e5e4a2b465b43cfdb3b05284cff5a374d25e5ec68cc82f7c42d6b942e1a3eb,intake-v6-review-iluminare,intake-v6-review-iluminare,,captured
OLD,intake-v6-review-montaj,intake-v6-review-montaj,demo-workspace,admin-dev-preview,old-demo-db-copy-isolated,desktop,full,docs/worklog/screenshots/ui-ux-audit-v1/old/intake-v6-review-montaj__demo-workspace__desktop__full.png,b0386bbfaf73a5fe0abdbbd29101727819c785c76aa6106e8fcc0a78aae8a686,intake-v6-review-montaj,intake-v6-review-montaj,,captured
OLD,intake-v6-review-panou,intake-v6-review-panou,demo-workspace,admin-dev-preview,old-demo-db-copy-isolated,desktop,full,docs/worklog/screenshots/ui-ux-audit-v1/old/intake-v6-review-panou__demo-workspace__desktop__full.png,707a51710898f1cc3270c72f9fd158dcdbf7837fe06baa7e71ef44c397e7a6be,intake-v6-review-panou,intake-v6-review-panou,,captured
OLD,/intake-v6-app/:workspaceId/operator,intake-v6-standalone-operator,operator-workspace,admin-dev-preview,old-demo-db-copy-isolated,desktop,full,docs/worklog/screenshots/ui-ux-audit-v1/old/intake-v6-standalone-operator__operator-workspace__desktop__full.png,ba3ee1d8018dddbb8003bd47d12d9fb97453500cd1bca0d96852ad648860eea0,Intake V6 operator workspace,/intake-v6-app/:workspaceId/operator,,captured
OLD,intake-v6-straturi,intake-v6-straturi,demo-workspace,admin-dev-preview,old-demo-db-copy-isolated,desktop,full,docs/worklog/screenshots/ui-ux-audit-v1/old/intake-v6-straturi__demo-workspace__desktop__full.png,001d747ca10b1ed6d1be4cbd794ba2a87b85896812b28c8629da7b72266ab0b7,intake-v6-straturi,intake-v6-straturi,,captured
OLD,intake-v6-workspace,intake-v6-workspace,demo-workspace,admin-dev-preview,old-demo-db-copy-isolated,desktop,full,docs/worklog/screenshots/ui-ux-audit-v1/old/intake-v6-workspace__demo-workspace__desktop__full.png,b144118aedd4b3cb715a8795287800fd4b2ac475125f6c346d7dcbda78279750,intake-v6-workspace,intake-v6-workspace,,captured
OLD,inventar,inventar,tab-default,admin-dev-preview,old-demo-db-copy-isolated,desktop,full,docs/worklog/screenshots/ui-ux-audit-v1/old/inventar__tab-default__desktop__full.png,700b9586e52563e27df24130dba93da826010ac2cafe5d90f210996080c49a76,inventar,inventar,,captured
OLD,inventar,inventar,tab-default,admin-dev-preview,old-demo-db-copy-isolated,narrow,full,docs/worklog/screenshots/ui-ux-audit-v1/old/inventar__tab-default__narrow__full.png,1cda7af63c38d8dac205b0899cac7ba8944b67faf5be982fdc8d27e2cef98f91,inventar,inventar,,captured
OLD,inventar,inventar,tab-default,admin-dev-preview,old-demo-db-copy-isolated,tablet,full,docs/worklog/screenshots/ui-ux-audit-v1/old/inventar__tab-default__tablet__full.png,20a1ad5f11d20020fdf7656fcead2ae776bafcc192615b6e91bf9677eff5b7d0,inventar,inventar,,captured
OLD,inventory-sheet-quality,inventory-sheet-quality,admin-preview,admin-dev-preview,old-demo-db-copy-isolated,desktop,full,docs/worklog/screenshots/ui-ux-audit-v1/old/inventory-sheet-quality__admin-preview__desktop__full.png,eb453dcbecadfc432153f1ee8bf91d77432206536ede949b8395e1a483f9e18b,inventory-sheet-quality,inventory-sheet-quality,,captured
OLD,inventory-tab-all,inventory-tab-all,admin-preview,admin-dev-preview,old-demo-db-copy-isolated,desktop,full,docs/worklog/screenshots/ui-ux-audit-v1/old/inventory-tab-all__admin-preview__desktop__full.png,0e6888ecf2098261a21fd97f82ebf285ae80de1359947f18b23ee953f0a28bc0,inventory-tab-all,inventory-tab-all,,captured
OLD,inventory-tab-altele,inventory-tab-altele,admin-preview,admin-dev-preview,old-demo-db-copy-isolated,desktop,full,docs/worklog/screenshots/ui-ux-audit-v1/old/inventory-tab-altele__admin-preview__desktop__full.png,8c501239e0f7879ebfc660d5c00c7ac79f11425fabfffa43d89a45964a327fee,inventory-tab-altele,inventory-tab-altele,,captured
OLD,inventory-tab-cerneala,inventory-tab-cerneala,admin-preview,admin-dev-preview,old-demo-db-copy-isolated,desktop,full,docs/worklog/screenshots/ui-ux-audit-v1/old/inventory-tab-cerneala__admin-preview__desktop__full.png,563eeb84a0f7bdeec910998cd5804a2252a8d9cbb932aad8a313516c0e4b39c5,inventory-tab-cerneala,inventory-tab-cerneala,,captured
OLD,inventory-tab-placi,inventory-tab-placi,admin-preview,admin-dev-preview,old-demo-db-copy-isolated,desktop,full,docs/worklog/screenshots/ui-ux-audit-v1/old/inventory-tab-placi__admin-preview__desktop__full.png,c608fa170cbcadde3cb19edd1d18ae79437f2aa640f524e67418f0b98a5080dd,inventory-tab-placi,inventory-tab-placi,,captured
OLD,inventory-tab-role,inventory-tab-role,admin-preview,admin-dev-preview,old-demo-db-copy-isolated,desktop,full,docs/worklog/screenshots/ui-ux-audit-v1/old/inventory-tab-role__admin-preview__desktop__full.png,4e004de62ba7140e7d9a0bf77141bfe9432b29b66ece2b9ef1aa6b265a048bcc,inventory-tab-role,inventory-tab-role,,captured
NEW,/,jobs-overview,after-spine-populated,operator-dev,single-plane-dev-isolated-synthetic,desktop,full,docs/worklog/screenshots/ui-ux-audit-v1/new/jobs-overview__after-spine-populated__desktop__full.png,2eaabdee10f683f7dcced2e115b54a2ee6256bb6c993183d0bef91897226d385,jobs-overview,/,,captured
NEW,/,jobs-overview,after-spine-populated,operator-dev,single-plane-dev-isolated-synthetic,narrow,full,docs/worklog/screenshots/ui-ux-audit-v1/new/jobs-overview__after-spine-populated__narrow__full.png,256a6e682ef94a5b4b4b63a29bdcf765e8080006d1b160c87e86f83bb7146cdb,jobs-overview,/,,captured
NEW,/,jobs-overview,after-spine-populated,operator-dev,single-plane-dev-isolated-synthetic,tablet,full,docs/worklog/screenshots/ui-ux-audit-v1/new/jobs-overview__after-spine-populated__tablet__full.png,d3e36ca0c5e8531de13ba14abbef04e60323b904a43335e53fc61c665e0e5ab6,jobs-overview,/,,captured
NEW,/,jobs-overview,empty-or-populated,operator-dev,single-plane-dev-isolated-synthetic,desktop,full,docs/worklog/screenshots/ui-ux-audit-v1/new/jobs-overview__empty-or-populated__desktop__full.png,9a7cd41e4fc342735a90153a3c43d1fb65fbcc19542d980cae68f29a4595800a,jobs-overview,/,,captured
NEW,/,jobs-overview,empty-or-populated,operator-dev,single-plane-dev-isolated-synthetic,narrow,full,docs/worklog/screenshots/ui-ux-audit-v1/new/jobs-overview__empty-or-populated__narrow__full.png,fa27d3046e99177985c20349aa14cc08289e955e4ac2721e904fd7cca38af8c6,jobs-overview,/,,captured
NEW,/,jobs-overview,empty-or-populated,operator-dev,single-plane-dev-isolated-synthetic,tablet,full,docs/worklog/screenshots/ui-ux-audit-v1/new/jobs-overview__empty-or-populated__tablet__full.png,ed816c07a866648a1fbe461b5e14cf75f17e36aa5acb65be128d793a52cea2e6,jobs-overview,/,,captured
NEW,/,jobs-overview,search-empty,operator-dev,single-plane-dev-isolated-synthetic,desktop,full,docs/worklog/screenshots/ui-ux-audit-v1/new/jobs-overview__search-empty__desktop__full.png,08ce804bc3984594fc8ad375389b7d64ef22659bc23598d8b05d39afe77ea368,jobs-overview,/,,captured
OLD,*,login-gate,unauthenticated,admin-dev-preview,old-demo-db-copy-isolated,desktop,full,docs/worklog/screenshots/ui-ux-audit-v1/old/login-gate__unauthenticated__desktop__full.png,954b2127a6a7bf433fb96f922fffc0056df755d260f467984e8522f06c3e914d,LoginGate unauthenticated,*,,captured
OLD,machine-runs-list,machine-runs-list,admin-preview,admin-dev-preview,old-demo-db-copy-isolated,desktop,full,docs/worklog/screenshots/ui-ux-audit-v1/old/machine-runs-list__admin-preview__desktop__full.png,d088c0008edf8e3e012b26a932d723674235fd663573b4355fc7127a5ff4598d,machine-runs-list,machine-runs-list,,captured
OLD,new-intake-dialog,new-intake-dialog,open,admin-dev-preview,old-demo-db-copy-isolated,desktop,full,docs/worklog/screenshots/ui-ux-audit-v1/old/new-intake-dialog__open__desktop__full.png,d59c9abf2ff508aeb7aeb6c4d77684e0ed84b056f3822acdf9f7cb92ecd32258,new-intake-dialog,new-intake-dialog,,captured
OLD,oferte-detail,oferte-detail,opened,admin-dev-preview,old-demo-db-copy-isolated,desktop,full,docs/worklog/screenshots/ui-ux-audit-v1/old/oferte-detail__opened__desktop__full.png,4843039ea9128a647a8db3bc390b6bf55287345b00558cdda4a166678bd20159,oferte-detail,oferte-detail,,captured
OLD,oferte-detail,oferte-detail,selected,admin-dev-preview,old-demo-db-copy-isolated,desktop,full,docs/worklog/screenshots/ui-ux-audit-v1/old/oferte-detail__selected__desktop__full.png,06670d0735394d6e619da54763e1dabf5c473f86ef30e3967ac93081d01272cf,oferte-detail,oferte-detail,,captured
OLD,oferte-list,oferte-list,admin-preview,admin-dev-preview,old-demo-db-copy-isolated,desktop,full,docs/worklog/screenshots/ui-ux-audit-v1/old/oferte-list__admin-preview__desktop__full.png,562ee54614f41beb4833fc44de928b25ed634796a9142140871ea8c9e0888567,oferte-list,oferte-list,,captured
OLD,oferte-list,oferte-list,admin-preview,admin-dev-preview,old-demo-db-copy-isolated,narrow,full,docs/worklog/screenshots/ui-ux-audit-v1/old/oferte-list__admin-preview__narrow__full.png,8a5aa39003349036e0415ff1085583d69086a438a13886808c247277ba36632c,oferte-list,oferte-list,,captured
OLD,oferte-list,oferte-list,admin-preview,admin-dev-preview,old-demo-db-copy-isolated,tablet,full,docs/worklog/screenshots/ui-ux-audit-v1/old/oferte-list__admin-preview__tablet__full.png,eff5e721787bda85b38d613f18471edc4ca81000e041319148cb322de446e8bc,oferte-list,oferte-list,,captured
OLD,operational-reality-review,operational-reality-review,admin-preview,admin-dev-preview,old-demo-db-copy-isolated,desktop,full,docs/worklog/screenshots/ui-ux-audit-v1/old/operational-reality-review__admin-preview__desktop__full.png,e1f349b025cd49adf9cd2b87dbed59fea471b0df43eb3bfa8216a10513f74824,operational-reality-review,operational-reality-review,,captured
OLD,operational-reports,operational-reports,admin-preview,admin-dev-preview,old-demo-db-copy-isolated,desktop,full,docs/worklog/screenshots/ui-ux-audit-v1/old/operational-reports__admin-preview__desktop__full.png,7eea7ee639c0511862a032157cadf5973a9e3fd1ae944cc79ebd24b744b737f8,operational-reports,operational-reports,,captured
NEW,/,operator-identify-dialog,invalid-pin,operator-dev,single-plane-dev-isolated-synthetic,desktop,full,docs/worklog/screenshots/ui-ux-audit-v1/new/operator-identify-dialog__invalid-pin__desktop__full.png,e7bad887167a35dcf08eceb06675ed07bdc08cd98ede73c692e5d7340460d9b7,Identifica operatorul,/,,captured
NEW,/,operator-identify-dialog,open-empty-pin,operator-dev,single-plane-dev-isolated-synthetic,desktop,full,docs/worklog/screenshots/ui-ux-audit-v1/new/operator-identify-dialog__open-empty-pin__desktop__full.png,e03fb49c2fa7d67720849d9fb395accbf2f0f1c3d6448391f7867bcaf7e60a33,Identifica operatorul,/,,captured
NEW,/,operator-session,eligible-identified,operator-dev,single-plane-dev-isolated-synthetic,desktop,full,docs/worklog/screenshots/ui-ux-audit-v1/new/operator-session__eligible-identified__desktop__full.png,417c34a6e95de49f39ae3f855520424273d3fb8fa9892bc138d384c4beb1be5f,Operator Eligible identified,/,,captured
OLD,operator-task-legacy,operator-task-legacy,admin-preview,admin-dev-preview,old-demo-db-copy-isolated,desktop,full,docs/worklog/screenshots/ui-ux-audit-v1/old/operator-task-legacy__admin-preview__desktop__full.png,f2f859bafce73f49b8fd6f6fd6117fff6ae8ce6da6e273fa62b80cfa6717513b,operator-task-legacy,operator-task-legacy,,captured
OLD,ops-graph,ops-graph,admin-preview,admin-dev-preview,old-demo-db-copy-isolated,desktop,full,docs/worklog/screenshots/ui-ux-audit-v1/old/ops-graph__admin-preview__desktop__full.png,0337710839b12607ed665161bd7d3ff5accc91a7ca647aac0c06e3de766baf28,ops-graph,ops-graph,,captured
OLD,output-blocks-preview,output-blocks-preview,opened,admin-dev-preview,old-demo-db-copy-isolated,desktop,full,docs/worklog/screenshots/ui-ux-audit-v1/old/output-blocks-preview__opened__desktop__full.png,0e41eb46782e25cd096b8731296a41b2f8a0e0fa1759c606c7191ca2a99787c4,output-blocks-preview,output-blocks-preview,,captured
OLD,planificare-dashboard,planificare-dashboard,admin-preview,admin-dev-preview,old-demo-db-copy-isolated,desktop,full,docs/worklog/screenshots/ui-ux-audit-v1/old/planificare-dashboard__admin-preview__desktop__full.png,7b0ad9a2a45f8dcc606c5b1f86ec3f4167103b604012b54628cb5ba701008ea3,planificare-dashboard,planificare-dashboard,,captured
OLD,plati-angajati,plati-angajati,admin-preview,admin-dev-preview,old-demo-db-copy-isolated,desktop,full,docs/worklog/screenshots/ui-ux-audit-v1/old/plati-angajati__admin-preview__desktop__full.png,9c0c5b5521f275b05659abf2422699bc90c524f3996ec4d4f4779f989ab63c4e,plati-angajati,plati-angajati,,captured
OLD,pontaj,pontaj,admin-preview,admin-dev-preview,old-demo-db-copy-isolated,desktop,full,docs/worklog/screenshots/ui-ux-audit-v1/old/pontaj__admin-preview__desktop__full.png,e0e1983ccf9d074422b36987079a160095415dc26601ec0631266a630b23f2d5,pontaj,pontaj,,captured
OLD,preturi,preturi,admin-preview,admin-dev-preview,old-demo-db-copy-isolated,desktop,full,docs/worklog/screenshots/ui-ux-audit-v1/old/preturi__admin-preview__desktop__full.png,f9940224de5bb5c31c27436598ec22419ec60e04f2fd2cfb9696c13a03954485,preturi,preturi,,captured
NEW,/products,product-catalog,populated-catalog,operator-dev,single-plane-dev-isolated-synthetic,desktop,full,docs/worklog/screenshots/ui-ux-audit-v1/new/product-catalog__populated-catalog__desktop__full.png,bd4b3c7ac1c046297685cb86c220292ff19913c536fa9ebfee6a7aab848528c1,product-catalog,/products,,captured
NEW,/products,product-catalog,populated-catalog,operator-dev,single-plane-dev-isolated-synthetic,narrow,bottom,docs/worklog/screenshots/ui-ux-audit-v1/new/product-catalog__populated-catalog__narrow__bottom.png,88db11046d6b2f5ebd12578b0cac502c6beea60ed440a92a8a49715e32f88644,product-catalog,/products,,captured
NEW,/products,product-catalog,populated-catalog,operator-dev,single-plane-dev-isolated-synthetic,narrow,full,docs/worklog/screenshots/ui-ux-audit-v1/new/product-catalog__populated-catalog__narrow__full.png,8e2cb4b5c06ad9a955635231a72a7c3e220a63435ffcbddecb1a5419ca494f48,product-catalog,/products,,captured
NEW,/products,product-catalog,populated-catalog,operator-dev,single-plane-dev-isolated-synthetic,narrow,mid,docs/worklog/screenshots/ui-ux-audit-v1/new/product-catalog__populated-catalog__narrow__mid.png,5457b6cb7db2c8cec102c4241bc63de5e49eee3d60debecd38a3c8c49d92077b,product-catalog,/products,,captured
NEW,/products,product-catalog,populated-catalog,operator-dev,single-plane-dev-isolated-synthetic,narrow,top,docs/worklog/screenshots/ui-ux-audit-v1/new/product-catalog__populated-catalog__narrow__top.png,7b1bfea8c28ae0d02ff4a17c056cb20a682e1edfed1e8e976ad5eaff80351272,product-catalog,/products,,captured
NEW,/products,product-catalog,populated-catalog,operator-dev,single-plane-dev-isolated-synthetic,tablet,bottom,docs/worklog/screenshots/ui-ux-audit-v1/new/product-catalog__populated-catalog__tablet__bottom.png,a530e50bbf34a3fc6aed16871931f41669142f9b90aa83083efa5b19770c1b0b,product-catalog,/products,,captured
NEW,/products,product-catalog,populated-catalog,operator-dev,single-plane-dev-isolated-synthetic,tablet,full,docs/worklog/screenshots/ui-ux-audit-v1/new/product-catalog__populated-catalog__tablet__full.png,73d6e7fca00fe5c13679a664ace87ae9e557c8b88cee8dfb35da5feefd8cbc6c,product-catalog,/products,,captured
NEW,/products,product-catalog,populated-catalog,operator-dev,single-plane-dev-isolated-synthetic,tablet,mid,docs/worklog/screenshots/ui-ux-audit-v1/new/product-catalog__populated-catalog__tablet__mid.png,09f5c585952f473cd31f38351a725d9b987f149e61f23f51c3d305bb23404ed3,product-catalog,/products,,captured
NEW,/products,product-catalog,populated-catalog,operator-dev,single-plane-dev-isolated-synthetic,tablet,top,docs/worklog/screenshots/ui-ux-audit-v1/new/product-catalog__populated-catalog__tablet__top.png,23e984c343c93e9e5bdec4bf57cbf80e8f60e2edd10ebc9e74a21c899cda8117,product-catalog,/products,,captured
NEW,/products/:productCode,product-config-acm-edit,empty-form,operator-dev,single-plane-dev-isolated-synthetic,desktop,full,docs/worklog/screenshots/ui-ux-audit-v1/new/product-config-acm-edit__empty-form__desktop__full.png,e3baabd4da98d0d340f20c96b928203b5deed107133c62aec550832c5dc72378,product-config-acm-edit,/products/:productCode,,captured
NEW,/products/:productCode,product-config-acm-edit,filled,operator-dev,single-plane-dev-isolated-synthetic,desktop,full,docs/worklog/screenshots/ui-ux-audit-v1/new/product-config-acm-edit__filled__desktop__full.png,1e6f745b9d8360df1c68e74e3b8d515274e93fd39b47491c9c19fa5615f93d4a,product-config-acm-edit,/products/:productCode,,captured
NEW,/products/:productCode,product-config-acm-edit,review,operator-dev,single-plane-dev-isolated-synthetic,desktop,full,docs/worklog/screenshots/ui-ux-audit-v1/new/product-config-acm-edit__review__desktop__full.png,98d01ad82ab902ec372c56f9b7a7549dd3bcaa258e82e95ab3bd3c5d8df6e53e,product-config-acm-edit,/products/:productCode,,captured
NEW,product-config-confirmed,product-config-confirmed,confirmed-acm,operator-dev,single-plane-dev-isolated-synthetic,desktop,bottom,docs/worklog/screenshots/ui-ux-audit-v1/new/product-config-confirmed__confirmed-acm__desktop__bottom.png,73beb2a364c7d8a2d0bed9f56db9c8968aa03819af59c87477b4daac4ae403d0,product-config-confirmed,product-config-confirmed,,captured
NEW,product-config-confirmed,product-config-confirmed,confirmed-acm,operator-dev,single-plane-dev-isolated-synthetic,desktop,full,docs/worklog/screenshots/ui-ux-audit-v1/new/product-config-confirmed__confirmed-acm__desktop__full.png,73a9ca42ccc845a7a467db15474309edc2e8bd76aec114542af89b2e8e908b52,product-config-confirmed,product-config-confirmed,,captured
NEW,product-config-confirmed,product-config-confirmed,confirmed-acm,operator-dev,single-plane-dev-isolated-synthetic,desktop,mid,docs/worklog/screenshots/ui-ux-audit-v1/new/product-config-confirmed__confirmed-acm__desktop__mid.png,ad175725384fd9dfa979191fc3e14ea0460918d01c0ddf64079c42775aae4076,product-config-confirmed,product-config-confirmed,,captured
NEW,product-config-confirmed,product-config-confirmed,confirmed-acm,operator-dev,single-plane-dev-isolated-synthetic,desktop,top,docs/worklog/screenshots/ui-ux-audit-v1/new/product-config-confirmed__confirmed-acm__desktop__top.png,4bf3df47b7f29f0486d5e7e25302c7898175dbc6fbf9bf5c5d7a74f96aaa482f,product-config-confirmed,product-config-confirmed,,captured
NEW,product-config-confirmed,product-config-confirmed,confirmed-pre-quote,operator-dev,single-plane-dev-isolated-synthetic,desktop,bottom,docs/worklog/screenshots/ui-ux-audit-v1/new/product-config-confirmed__confirmed-pre-quote__desktop__bottom.png,7a25948acdbd4d9f6775ac8f8412fcce631dc06ae2ea93a63e35eff3a16c965b,product-config-confirmed,product-config-confirmed,,captured
NEW,product-config-confirmed,product-config-confirmed,confirmed-pre-quote,operator-dev,single-plane-dev-isolated-synthetic,desktop,full,docs/worklog/screenshots/ui-ux-audit-v1/new/product-config-confirmed__confirmed-pre-quote__desktop__full.png,5dfedc4c4a08a5bc5f790c882b56da9f54510d62a9c7e28115e6e075406a2b99,product-config-confirmed,product-config-confirmed,,captured
NEW,product-config-confirmed,product-config-confirmed,confirmed-pre-quote,operator-dev,single-plane-dev-isolated-synthetic,desktop,mid,docs/worklog/screenshots/ui-ux-audit-v1/new/product-config-confirmed__confirmed-pre-quote__desktop__mid.png,6d34deaf9690bb1405f5c430885160cc15b19ed6185cf49e379dbc258a915cb0,product-config-confirmed,product-config-confirmed,,captured
NEW,product-config-confirmed,product-config-confirmed,confirmed-pre-quote,operator-dev,single-plane-dev-isolated-synthetic,desktop,top,docs/worklog/screenshots/ui-ux-audit-v1/new/product-config-confirmed__confirmed-pre-quote__desktop__top.png,86f4e4ba311bbb7182affe511540175af7affebb48c7089dbb819813aece6646,product-config-confirmed,product-config-confirmed,,captured
NEW,product-config-confirmed,product-config-confirmed,quote-frozen,operator-dev,single-plane-dev-isolated-synthetic,desktop,full,docs/worklog/screenshots/ui-ux-audit-v1/new/product-config-confirmed__quote-frozen__desktop__full.png,188979233b5f7263fc2732206706f47b530a7f3b041953d0da8623d6eca74635,product-config-confirmed,product-config-confirmed,,captured
NEW,/products/:productCode,product-config-letters-edit,empty-form,operator-dev,single-plane-dev-isolated-synthetic,desktop,full,docs/worklog/screenshots/ui-ux-audit-v1/new/product-config-letters-edit__empty-form__desktop__full.png,6f6f6f6d4c1e4ee8cdf5c83d1d4edc885d151653ac373610366c048edfe534b2,product-config-letters-edit,/products/:productCode,,captured
NEW,/products/:productCode,product-config-letters-edit,empty-form,operator-dev,single-plane-dev-isolated-synthetic,narrow,full,docs/worklog/screenshots/ui-ux-audit-v1/new/product-config-letters-edit__empty-form__narrow__full.png,d559a7af54a430a3a33822fdfcc13e82fbf94f83e3f49edeb471201b49f1321b,product-config-letters-edit,/products/:productCode,,captured
NEW,/products/:productCode,product-config-letters-edit,empty-form,operator-dev,single-plane-dev-isolated-synthetic,tablet,full,docs/worklog/screenshots/ui-ux-audit-v1/new/product-config-letters-edit__empty-form__tablet__full.png,c3c3937a789ae282d6bea45da8c76443f669cd1df3357de8db6ed228c6891927,product-config-letters-edit,/products/:productCode,,captured
NEW,/products/:productCode,product-config-letters-edit,filled,operator-dev,single-plane-dev-isolated-synthetic,desktop,full,docs/worklog/screenshots/ui-ux-audit-v1/new/product-config-letters-edit__filled__desktop__full.png,b8e4006e2260e913f73fef95d19aa694b557de1f29e71b2df79440de6c774d38,product-config-letters-edit,/products/:productCode,,captured
NEW,/products/:productCode,product-config-letters-edit,review,operator-dev,single-plane-dev-isolated-synthetic,desktop,full,docs/worklog/screenshots/ui-ux-audit-v1/new/product-config-letters-edit__review__desktop__full.png,077853df84011a4e2d08339125576c271922eb4eb8d4f193b11d0692f7c4cba4,product-config-letters-edit,/products/:productCode,,captured
NEW,product-config-order-restore,product-config-order-restore,order-created,operator-dev,single-plane-dev-isolated-synthetic,desktop,full,docs/worklog/screenshots/ui-ux-audit-v1/new/product-config-order-restore__order-created__desktop__full.png,f99dc22641de2ba40696497227b35116d4310d1cdb581cd636b46eaab42ad87d,product-config-order-restore,product-config-order-restore,,captured
NEW,/products/:productCode,product-config-quote-restore,populated,operator-dev,single-plane-dev-isolated-synthetic,desktop,full,docs/worklog/screenshots/ui-ux-audit-v1/new/product-config-quote-restore__populated__desktop__full.png,4196bb9b0804b8a3c653473fd7a9edf9e18075716f920d8201566bb951741d58,product-config-quote-restore,/products/:productCode,,captured
NEW,/products/:productCode,product-config-quote-restore,quote-query-populated,operator-dev,single-plane-dev-isolated-synthetic,desktop,full,docs/worklog/screenshots/ui-ux-audit-v1/new/product-config-quote-restore__quote-query-populated__desktop__full.png,88f32d3a535342287e7bebc227eca279c441ac93c542d96fe7093fee23a6ad40,product-config-quote-restore,/products/:productCode,,captured
NEW,product-config-with-request,product-config-with-request,request-context,operator-dev,single-plane-dev-isolated-synthetic,desktop,full,docs/worklog/screenshots/ui-ux-audit-v1/new/product-config-with-request__request-context__desktop__full.png,c19bac6d7b070dba2eff35ccbeb9548bb3bd63cc28887e1cbf8b54d0350e2019,product-config-with-request,product-config-with-request,,captured
OLD,product-system-catalog,product-system-catalog,admin-preview,admin-dev-preview,old-demo-db-copy-isolated,desktop,full,docs/worklog/screenshots/ui-ux-audit-v1/old/product-system-catalog__admin-preview__desktop__full.png,9ae49bc008d8f94fec2286f537721807e99634863344c64065b568849f651797,product-system-catalog,product-system-catalog,,captured
OLD,product-system-catalog,product-system-catalog,admin-preview,admin-dev-preview,old-demo-db-copy-isolated,narrow,full,docs/worklog/screenshots/ui-ux-audit-v1/old/product-system-catalog__admin-preview__narrow__full.png,e664f31ceda932c90098145d87d85b0d69809b4f1315a71ff32ef105646cd582,product-system-catalog,product-system-catalog,,captured
OLD,product-system-catalog,product-system-catalog,admin-preview,admin-dev-preview,old-demo-db-copy-isolated,tablet,full,docs/worklog/screenshots/ui-ux-audit-v1/old/product-system-catalog__admin-preview__tablet__full.png,3bbecb2f5b419fc8cbabcf0cbcc4772c732eef0aebda5990f160c9fc89ffdbe5,product-system-catalog,product-system-catalog,,captured
OLD,product-system-catalog,product-system-catalog,admin-preview-loaded,admin-dev-preview,old-demo-db-copy-isolated,desktop,full,docs/worklog/screenshots/ui-ux-audit-v1/old/product-system-catalog__admin-preview-loaded__desktop__full.png,f254fde8634678cbd96928dc522ce4d4647852dc18059ab704a9e53aa6655d89,product-system-catalog,product-system-catalog,,captured
OLD,product-system-editor,product-system-editor,opened,admin-dev-preview,old-demo-db-copy-isolated,desktop,full,docs/worklog/screenshots/ui-ux-audit-v1/old/product-system-editor__opened__desktop__full.png,1b80b4659c89beb41938b8a4e6893b200f8bbd2abd12a2b90e5c3459f1b7f512,product-system-editor,product-system-editor,,captured
OLD,ps-structure-acm-prices,ps-structure-acm-prices,opened,admin-dev-preview,old-demo-db-copy-isolated,desktop,full,docs/worklog/screenshots/ui-ux-audit-v1/old/ps-structure-acm-prices__opened__desktop__full.png,1d0bd934e64fb180e6d0da9b8acdfbe82520da184f8aaf4ad41baa33bf01c80e,ps-structure-acm-prices,ps-structure-acm-prices,,captured
OLD,ps-structure-back,ps-structure-back,opened,admin-dev-preview,old-demo-db-copy-isolated,desktop,full,docs/worklog/screenshots/ui-ux-audit-v1/old/ps-structure-back__opened__desktop__full.png,df800702ad64c8df9e9261b858a43c974dda7ed997a3a553cb6051c41d7f78d1,ps-structure-back,ps-structure-back,,captured
OLD,ps-structure-face,ps-structure-face,opened,admin-dev-preview,old-demo-db-copy-isolated,desktop,full,docs/worklog/screenshots/ui-ux-audit-v1/old/ps-structure-face__opened__desktop__full.png,5511765e4fcd18c2702e37405eeab18ef4e2133399572dcfc07a5a9aad3ffa9e,ps-structure-face,ps-structure-face,,captured
OLD,ps-structure-led,ps-structure-led,opened,admin-dev-preview,old-demo-db-copy-isolated,desktop,full,docs/worklog/screenshots/ui-ux-audit-v1/old/ps-structure-led__opened__desktop__full.png,fe003e4eabc1259dd8f9069bc0b7c639e0e990564e710f09066cb7dee6cbaa20,ps-structure-led,ps-structure-led,,captured
OLD,ps-structure-volume-al,ps-structure-volume-al,opened,admin-dev-preview,old-demo-db-copy-isolated,desktop,full,docs/worklog/screenshots/ui-ux-audit-v1/old/ps-structure-volume-al__opened__desktop__full.png,f32b58db0117b9f63f526187e2d23b06085a2ffa45b9e9e3e3122f77a82ef03d,ps-structure-volume-al,ps-structure-volume-al,,captured
OLD,/product-system/products/:templateCode,ps-studio-tab-form-system,local-tab,admin-dev-preview,old-demo-db-copy-isolated,desktop,full,docs/worklog/screenshots/ui-ux-audit-v1/old/ps-studio-tab-form-system__local-tab__desktop__full.png,868fb772e9f5bf705ac2f52687bf00b26ddea57d084621fb17395cc692389957,Form System tab,/product-system/products/:templateCode,,captured
OLD,/product-system/products/:templateCode,ps-studio-tab-general,local-tab,admin-dev-preview,old-demo-db-copy-isolated,desktop,full,docs/worklog/screenshots/ui-ux-audit-v1/old/ps-studio-tab-general__local-tab__desktop__full.png,c4fcc11c3b90913bed182b68b5a6188487c3117d20958abefe6fc489092c6b4b,Informatii generale tab,/product-system/products/:templateCode,,captured
OLD,/product-system/products/:templateCode,ps-studio-tab-operational,local-tab,admin-dev-preview,old-demo-db-copy-isolated,desktop,full,docs/worklog/screenshots/ui-ux-audit-v1/old/ps-studio-tab-operational__local-tab__desktop__full.png,0be66347bb7d36935b2e3e952985c28ffa9357d1c02c13d004a68a83ddbcafe8,Resurse operationale tab,/product-system/products/:templateCode,,captured
OLD,/product-system/products/:templateCode,ps-studio-tab-structure,local-tab,admin-dev-preview,old-demo-db-copy-isolated,desktop,full,docs/worklog/screenshots/ui-ux-audit-v1/old/ps-studio-tab-structure__local-tab__desktop__full.png,3c0febecfd23083a592ff3a54375e114e39b4a401c2937b1883d551adb2123c2,Product Compiler / structure tab,/product-system/products/:templateCode,,captured
NEW,/quotes,quotes-overview,after-spine-populated,operator-dev,single-plane-dev-isolated-synthetic,desktop,full,docs/worklog/screenshots/ui-ux-audit-v1/new/quotes-overview__after-spine-populated__desktop__full.png,6192b13e48a803b525ae101ad06521011bf544d57355cee3ab3dfdbeb275431b,quotes-overview,/quotes,,captured
NEW,/quotes,quotes-overview,empty-or-populated,operator-dev,single-plane-dev-isolated-synthetic,desktop,full,docs/worklog/screenshots/ui-ux-audit-v1/new/quotes-overview__empty-or-populated__desktop__full.png,80bf023f1400a0e458859e93da355da12ece4b6195bed606425d878d0638a9b3,quotes-overview,/quotes,,captured
NEW,/quotes,quotes-overview,empty-or-populated,operator-dev,single-plane-dev-isolated-synthetic,narrow,full,docs/worklog/screenshots/ui-ux-audit-v1/new/quotes-overview__empty-or-populated__narrow__full.png,249d790ad6a64ceaa747c8c8e962400d8fd0ee31ebbcd4c9782bc701bbb0e6da,quotes-overview,/quotes,,captured
NEW,/quotes,quotes-overview,empty-or-populated,operator-dev,single-plane-dev-isolated-synthetic,tablet,full,docs/worklog/screenshots/ui-ux-audit-v1/new/quotes-overview__empty-or-populated__tablet__full.png,88730dfd927bccc46bc9c5ba02e90b195e4adcd5ae35c33ee932ac4f4982a4d2,quotes-overview,/quotes,,captured
OLD,rapoarte,rapoarte,admin-preview,admin-dev-preview,old-demo-db-copy-isolated,desktop,full,docs/worklog/screenshots/ui-ux-audit-v1/old/rapoarte__admin-preview__desktop__full.png,e89630c616091518b1cfbf09c0704b36b3d97e76f05688c9d1f21bce217696ac,rapoarte,rapoarte,,captured
NEW,/requests/:requestId,request-detail,synthetic-populated,operator-dev,single-plane-dev-isolated-synthetic,desktop,full,docs/worklog/screenshots/ui-ux-audit-v1/new/request-detail__synthetic-populated__desktop__full.png,c7edc125b3e1c56aa601c49fde36242b62cb13086be6bac995040a599475232f,request-detail,/requests/:requestId,,captured
NEW,/requests,requests-overview,empty-or-populated,operator-dev,single-plane-dev-isolated-synthetic,desktop,full,docs/worklog/screenshots/ui-ux-audit-v1/new/requests-overview__empty-or-populated__desktop__full.png,e98f7e83a8903458abf0fcf827c1cece1c088e90022894c26b6c71db2b5fead6,requests-overview,/requests,,captured
NEW,/requests,requests-overview,empty-or-populated,operator-dev,single-plane-dev-isolated-synthetic,narrow,full,docs/worklog/screenshots/ui-ux-audit-v1/new/requests-overview__empty-or-populated__narrow__full.png,56a0961814156e9c7c9443d0192ce2b8bfc73170365de014641482614034ee25,requests-overview,/requests,,captured
NEW,/requests,requests-overview,empty-or-populated,operator-dev,single-plane-dev-isolated-synthetic,tablet,full,docs/worklog/screenshots/ui-ux-audit-v1/new/requests-overview__empty-or-populated__tablet__full.png,aba529565082c636d963d784b69517066e389a0b4e356a6855321a608a593d30,requests-overview,/requests,,captured
NEW,/requests,requests-overview,search-empty,operator-dev,single-plane-dev-isolated-synthetic,desktop,full,docs/worklog/screenshots/ui-ux-audit-v1/new/requests-overview__search-empty__desktop__full.png,1d0cf36fd82c42e4120fc90730ab35e912f88159a0be11a2b985ba2aafec3e25,requests-overview,/requests,,captured
OLD,role-home-redirect,role-home-redirect,role-manager,admin-dev-preview,old-demo-db-copy-isolated,desktop,full,docs/worklog/screenshots/ui-ux-audit-v1/old/role-home-redirect__role-manager__desktop__full.png,7fa75633ad8319b8708a8d8c6a63f06443b8816c1e590e9d257692f9f62efb99,role-home-redirect,role-home-redirect,,captured
OLD,role-home-redirect,role-home-redirect,role-operator,admin-dev-preview,old-demo-db-copy-isolated,desktop,full,docs/worklog/screenshots/ui-ux-audit-v1/old/role-home-redirect__role-operator__desktop__full.png,bee00ffe090cb22ca62f7b3888085d5830924c68d29d646ca5e0e6fba83b4c71,role-home-redirect,role-home-redirect,,captured
OLD,role-home-redirect,role-home-redirect,role-sales,admin-dev-preview,old-demo-db-copy-isolated,desktop,full,docs/worklog/screenshots/ui-ux-audit-v1/old/role-home-redirect__role-sales__desktop__full.png,c2cb606ddebe4bb1c49261446b4192b5dfa67a18c4712139f31def7275cbd29b,role-home-redirect,role-home-redirect,,captured
OLD,role-home-redirect,role-home-redirect,role-viewer,admin-dev-preview,old-demo-db-copy-isolated,desktop,full,docs/worklog/screenshots/ui-ux-audit-v1/old/role-home-redirect__role-viewer__desktop__full.png,df9d708e64d6eb0a17b3797153f83f34f005d791c13f55d885006b3fd46c9c83,role-home-redirect,role-home-redirect,,captured
OLD,setari-shell,setari-shell,admin-preview,admin-dev-preview,old-demo-db-copy-isolated,desktop,full,docs/worklog/screenshots/ui-ux-audit-v1/old/setari-shell__admin-preview__desktop__full.png,7be5e384707f36c070f84be55738edb63f3b35d71b0e9ad5f7eefb4eb29f24e6,setari-shell,setari-shell,,captured
OLD,setari-shell,setari-shell,admin-preview,admin-dev-preview,old-demo-db-copy-isolated,narrow,full,docs/worklog/screenshots/ui-ux-audit-v1/old/setari-shell__admin-preview__narrow__full.png,8065d91e8fcea462fa91fb1635f2c752f754c7c049b3d6349f5bfd1b69cacf53,setari-shell,setari-shell,,captured
OLD,setari-shell,setari-shell,admin-preview,admin-dev-preview,old-demo-db-copy-isolated,tablet,full,docs/worklog/screenshots/ui-ux-audit-v1/old/setari-shell__admin-preview__tablet__full.png,988faec974c75cf74e2484410c8be2502433f6a93ae23a215047cb77bb9d993a,setari-shell,setari-shell,,captured
OLD,settings-tab-cost-intern,settings-tab-cost-intern,opened,admin-dev-preview,old-demo-db-copy-isolated,desktop,full,docs/worklog/screenshots/ui-ux-audit-v1/old/settings-tab-cost-intern__opened__desktop__full.png,1e1bc56b0a4488ee2dd841a14068f700f480c4e7657933185da5185aec6bbe0d,settings-tab-cost-intern,settings-tab-cost-intern,,captured
OLD,/settings,settings-tab-integrations,opened,admin-dev-preview,old-demo-db-copy-isolated,desktop,full,docs/worklog/screenshots/ui-ux-audit-v1/old/settings-tab-integrations__opened__desktop__full.png,3534ae89287aeb1e99eaa53687ed8d74189dabcea2356b2415690cf7803049c3,settings-tab-integrations,/settings,,captured
OLD,/settings,settings-tab-payments-repetitive,opened,admin-dev-preview,old-demo-db-copy-isolated,desktop,full,docs/worklog/screenshots/ui-ux-audit-v1/old/settings-tab-payments-repetitive__opened__desktop__full.png,3bafbc57a680cd4a9b9b80d64b40d1df0d11960fe1b1d5d1712aa172ca82cfbe,settings-tab-payments-repetitive,/settings,,captured
OLD,settings-tab-societate,settings-tab-societate,opened,admin-dev-preview,old-demo-db-copy-isolated,desktop,full,docs/worklog/screenshots/ui-ux-audit-v1/old/settings-tab-societate__opened__desktop__full.png,226884c305714d509182f68ccbcc1786bdafa8dfc7ade4408b44da8d6a68874e,settings-tab-societate,settings-tab-societate,,captured
OLD,shell-sidebar-drawer,shell-sidebar-drawer,admin-nav,admin-dev-preview,old-demo-db-copy-isolated,desktop,full,docs/worklog/screenshots/ui-ux-audit-v1/old/shell-sidebar-drawer__admin-nav__desktop__full.png,fcd71ea3674c18bf5bc99e58470a5e5e64fb0f2b7682bbc07071b436359717a0,shell-sidebar-drawer,shell-sidebar-drawer,,captured
OLD,shell-sidebar-drawer,shell-sidebar-drawer,admin-nav,admin-dev-preview,old-demo-db-copy-isolated,narrow,full,docs/worklog/screenshots/ui-ux-audit-v1/old/shell-sidebar-drawer__admin-nav__narrow__full.png,8a1f865489baea76ff8eeddee2ff6f803099e489062452bf0720610259266224,shell-sidebar-drawer,shell-sidebar-drawer,,captured
OLD,shell-sidebar-drawer,shell-sidebar-drawer,admin-nav,admin-dev-preview,old-demo-db-copy-isolated,tablet,full,docs/worklog/screenshots/ui-ux-audit-v1/old/shell-sidebar-drawer__admin-nav__tablet__full.png,37c02af939d183e7d396de1122681b8b1a6c4d3642c2a125a652f9ccc01c75b3,shell-sidebar-drawer,shell-sidebar-drawer,,captured
OLD,shell-topbar,shell-topbar,admin-nav,admin-dev-preview,old-demo-db-copy-isolated,desktop,full,docs/worklog/screenshots/ui-ux-audit-v1/old/shell-topbar__admin-nav__desktop__full.png,46b29362e852d8381fa77657e1afa7ff84007298ff47e29e47619376ae45b97a,shell-topbar,shell-topbar,,captured
NEW,/system,system-status,connected,operator-dev,single-plane-dev-isolated-synthetic,desktop,full,docs/worklog/screenshots/ui-ux-audit-v1/new/system-status__connected__desktop__full.png,f0cf193e4cd280e2329520abbf0999cad2371a6f91fe5cc808ecdd291d61e23a,system-status,/system,,captured
OLD,tablet-station-select,tablet-station-select,admin-preview,admin-dev-preview,old-demo-db-copy-isolated,desktop,full,docs/worklog/screenshots/ui-ux-audit-v1/old/tablet-station-select__admin-preview__desktop__full.png,67c6544c30386bad241b17bc392bf8fe472ecf56bf75b2e58638db3b5ba05eee,tablet-station-select,tablet-station-select,,captured
OLD,utilaje,utilaje,admin-preview,admin-dev-preview,old-demo-db-copy-isolated,desktop,full,docs/worklog/screenshots/ui-ux-audit-v1/old/utilaje__admin-preview__desktop__full.png,a83c40fe41ade6040c618a2bf8dadd820f0ab57560d21c5fa51c737931fc45a2,utilaje,utilaje,,captured
OLD,*,auth-config-missing,duplicate-of-login-gate,admin-dev-preview,old-demo-db-copy-isolated,desktop,none,,,same LoginGate pixels as login-gate__unauthenticated; not a distinct visible state,*,auth-503 intercept rendered LoginGate, not a separate auth_config_missing page,explained
OLD,/intake-v6-app,intake-v6-standalone-index,blank-index,admin-dev-preview,old-demo-db-copy-isolated,desktop,none,,,index is not a designed page,/intake-v6-app,/intake-v6-app has no index route; live redirect/workspace is /intake-v6-app/:id/operator, now captured,explained
